"FROM","TO","SIZE"
1,8,2
1,27,1
1,54,1
1,114,2
1,296,2
1,443,2
1,523,2
2,17,1
2,38,2
2,50,2
2,58,1
2,73,64
2,75,1
2,94,4
2,97,2
2,152,4
2,153,5
2,166,7
2,173,14
2,174,11
2,193,31
2,209,2
2,213,30
2,217,39
2,239,1
2,243,2
2,293,7
2,298,2
2,340,1
2,343,21
2,349,6
2,355,1
2,441,1
2,481,17
2,553,2
2,567,1
2,631,2
2,637,4
2,658,7
2,671,21
2,857,7
3,20,6
3,44,1
3,97,2
3,118,1
3,131,1
3,144,1
3,153,8
3,158,3
3,166,2
3,209,2
3,272,1
3,498,1
4,60,2
4,160,3
4,246,3
4,333,2
5,61,1
5,165,1
5,437,1
5,537,2
5,545,1
5,703,1
6,31,7
6,48,1
6,60,2
6,176,1
6,192,2
6,246,1
6,333,5
6,408,1
6,460,1
6,650,1
7,59,1
7,104,2
7,124,1
7,163,1
7,168,2
7,236,1
7,251,1
7,267,1
7,271,1
7,300,1
7,309,1
7,366,1
7,401,1
7,415,1
7,609,1
8,1,22
8,19,2
8,27,22
8,32,1
8,34,2
8,54,30
8,64,1
8,70,1
8,75,1
8,91,1
8,98,1
8,100,1
8,106,30
8,114,22
8,118,1
8,119,22
8,130,1
8,135,1
8,137,1
8,138,1
8,158,23
8,165,1
8,167,16
8,171,2
8,176,1
8,182,23
8,183,1
8,187,1
8,204,1
8,239,1
8,247,23
8,250,1
8,261,22
8,262,1
8,263,27
8,265,1
8,268,1
8,275,1
8,278,31
8,281,1
8,289,2
8,296,22
8,302,23
8,308,22
8,311,22
8,312,1
8,320,1
8,321,22
8,326,1
8,371,2
8,389,1
8,410,22
8,437,1
8,443,1
8,456,1
8,482,23
8,503,1
8,504,1
8,506,23
8,515,15
8,518,1
8,523,22
8,533,1
8,548,23
8,554,1
8,572,1
8,603,22
8,614,1
8,643,25
8,645,22
8,808,22
8,825,22
8,837,1
9,34,5
9,37,6
9,83,2
9,106,2
9,109,1
9,121,4
9,139,2
9,160,2
9,188,8
9,221,1
9,263,1
9,291,6
9,363,2
10,19,1
10,44,5
10,53,5
10,75,2
10,82,7
10,99,6
10,122,3
10,128,7
10,154,8
10,186,5
10,189,2
10,202,5
10,232,5
10,248,5
10,276,7
10,289,1
10,307,7
10,322,5
10,330,8
10,384,9
10,433,5
10,447,6
10,480,6
10,485,5
10,604,5
11,41,2
11,79,2
11,201,2
11,214,2
11,270,2
11,310,2
11,313,2
11,316,2
11,328,2
11,334,2
11,360,2
11,367,2
11,427,2
11,446,2
11,479,2
11,605,2
11,636,2
11,677,2
11,828,2
13,7,1
13,19,3
13,104,1
13,124,2
13,126,1
13,236,2
13,251,2
13,267,3
13,300,2
13,340,1
13,415,1
13,416,1
13,418,1
14,43,4
14,101,13
14,162,1
14,169,2
14,279,1
14,674,3
15,26,8
15,76,19
15,222,16
15,444,8
16,40,1
16,63,6
16,90,1
16,116,22
16,419,3
16,476,48
16,644,4
16,905,2
17,2,1
17,35,1
17,38,1
17,55,3
17,97,5
17,103,1
17,118,2
17,131,1
17,146,5
17,166,3
17,173,1
17,198,2
17,249,5
17,293,1
17,343,1
17,349,3
17,447,1
17,567,3
17,631,1
17,637,6
18,110,1
19,8,2
19,10,2
19,13,2
19,29,1
19,31,2
19,36,1
19,68,1
19,69,2
19,72,1
19,73,1
19,74,1
19,77,4
19,83,1
19,85,1
19,91,1
19,96,4
19,118,1
19,122,7
19,145,1
19,151,1
19,154,3
19,162,1
19,174,2
19,176,1
19,185,2
19,195,2
19,203,2
19,204,2
19,211,1
19,216,4
19,239,10
19,250,1
19,253,2
19,254,1
19,262,14
19,265,10
19,268,2
19,303,1
19,313,2
19,320,1
19,321,9
19,330,1
19,347,2
19,393,1
19,410,11
19,463,1
19,472,1
19,477,1
19,584,1
19,725,2
19,847,1
19,850,1
20,3,1
20,49,1
20,60,2
20,153,1
20,340,1
20,378,1
20,441,1
20,472,1
20,513,1
20,665,3
21,429,71
22,19,1
22,30,1
22,34,1
22,120,1
22,180,2
22,235,1
22,312,3
24,68,1
24,318,1
24,320,1
24,444,5
26,135,2
26,376,1
27,1,1
27,8,3
27,91,3
27,106,5
27,114,10
27,189,1
27,263,1
27,289,1
27,337,1
27,372,10
27,496,11
27,515,9
27,523,1
27,548,1
27,645,1
28,46,18
28,53,14
28,57,14
28,101,11
28,257,16
28,265,19
28,463,1
29,19,1
30,19,4
30,22,2
30,83,3
30,85,1
30,130,1
30,171,1
30,207,1
30,262,4
30,282,11
30,291,3
30,312,2
30,522,5
30,524,5
31,6,12
31,60,1
31,123,2
31,192,5
31,262,2
31,333,30
31,426,3
31,443,1
31,460,7
31,511,9
31,516,3
31,600,1
32,29,2
32,34,2
32,64,6
32,73,1
32,76,5
32,87,1
32,97,1
32,111,3
32,119,1
32,120,1
32,142,3
32,145,5
32,166,2
32,169,2
32,181,1
32,182,2
32,187,7
32,190,1
32,208,1
32,221,1
32,246,1
32,258,1
32,268,2
32,281,2
32,285,1
32,304,2
32,312,4
32,319,1
32,323,2
32,326,2
32,331,1
32,387,1
32,394,1
32,419,1
32,431,1
32,437,1
32,440,1
32,463,2
32,472,2
32,510,2
32,523,2
32,573,2
32,617,1
32,624,1
32,826,1
32,930,1
33,9,1
33,34,24
33,37,1
33,51,1
33,58,2
33,160,4
33,355,1
34,5,6
34,8,1
34,9,56
34,22,2
34,32,2
34,33,17
34,37,14
34,50,3
34,51,3
34,84,1
34,91,7
34,106,1
34,109,4
34,118,5
34,120,5
34,150,5
34,160,4
34,183,2
34,188,6
34,221,21
34,227,1
34,262,3
34,291,13
34,301,7
34,312,8
34,381,1
34,415,1
34,418,2
34,523,1
34,532,1
34,545,5
34,556,2
34,561,10
34,573,15
34,652,3
35,38,1
35,103,1
35,144,3
35,146,14
36,19,3
36,120,1
36,160,2
36,161,3
36,280,3
36,285,3
36,448,1
37,9,18
37,33,1
37,34,12
37,84,2
37,108,8
37,139,4
37,160,4
37,176,3
37,355,6
37,556,1
38,2,2
38,17,1
38,35,6
38,103,9
38,131,1
38,143,1
38,144,1
38,145,2
38,146,12
38,213,1
38,343,1
38,385,1
38,637,1
39,105,2
39,152,2
39,378,5
40,138,2
40,208,1
40,255,1
40,304,1
40,594,1
41,75,1
42,21,2
42,120,1
42,280,3
42,285,1
42,466,3
42,468,6
42,694,4
43,14,2
43,53,2
43,112,2
43,120,2
43,162,22
43,169,25
43,185,7
43,226,4
43,229,2
43,262,1
43,279,1
43,283,2
43,305,19
43,400,3
43,409,6
43,451,1
43,484,1
43,651,6
43,674,1
43,693,5
44,3,3
44,10,6
44,11,1
44,57,20
44,78,20
44,80,19
44,81,20
44,84,1
44,118,1
44,122,22
44,148,19
44,162,4
44,164,19
44,165,1
44,169,1
44,171,1
44,189,49
44,195,28
44,227,2
44,239,1
44,249,24
44,254,23
44,257,18
44,262,4
44,279,2
44,289,1
44,312,1
44,319,1
44,330,1
44,362,1
44,432,21
44,440,21
44,463,3
44,472,1
44,711,7
45,108,1
45,234,5
45,263,1
46,28,2
46,101,1
46,185,2
46,229,6
46,337,1
46,484,2
47,80,2
48,6,2
48,88,2
48,110,1
48,116,2
48,134,6
48,288,1
48,380,2
48,410,2
48,419,1
48,445,1
48,475,6
48,549,1
49,203,1
49,679,1
50,2,2
50,5,3
50,34,4
50,43,1
50,58,1
50,97,1
50,105,1
50,143,9
50,145,1
50,234,2
50,276,1
50,322,2
50,323,1
50,345,1
50,358,4
50,367,2
50,384,1
50,561,1
51,33,1
51,34,3
51,825,1
52,97,2
52,103,3
52,125,6
52,212,12
52,293,1
52,343,4
52,637,2
53,28,12
53,43,5
53,82,3
53,101,3
53,112,3
53,122,1
53,128,6
53,186,7
53,195,3
53,226,8
53,232,1
53,248,3
53,249,1
53,271,4
53,276,8
53,409,1
53,451,1
54,8,5
54,44,1
54,134,1
54,138,2
54,200,2
54,506,2
54,523,1
55,17,2
55,58,2
55,103,5
55,145,3
55,166,9
55,174,5
55,198,1
55,215,3
55,243,1
55,349,5
55,355,3
55,459,3
55,473,3
55,528,3
55,567,1
55,637,4
56,5,1
56,84,1
56,153,2
56,165,6
56,197,2
56,294,2
56,350,7
57,44,1
57,122,1
57,257,5
57,409,3
58,2,2
58,33,1
58,55,2
58,59,1
58,73,2
58,75,2
58,85,1
58,120,1
58,131,4
58,173,1
58,174,3
58,215,11
58,235,1
58,262,6
58,289,1
58,309,1
58,349,3
58,355,15
58,528,19
58,591,1
58,646,17
58,709,1
58,850,8
59,124,2
59,126,2
59,236,1
59,251,2
59,267,1
59,271,2
59,300,6
59,366,2
59,401,3
60,4,2
60,20,2
60,116,1
60,118,1
60,190,1
60,274,1
60,289,4
60,358,4
60,374,1
60,376,4
60,382,3
60,391,1
60,405,1
60,420,2
60,529,1
60,571,1
60,590,1
60,749,1
61,5,1
61,41,1
61,165,2
61,235,3
61,285,11
61,291,5
61,367,1
61,510,4
62,117,7
62,289,1
62,318,9
62,492,8
63,16,4
63,188,7
64,68,1
64,96,2
64,111,1
64,197,2
64,289,1
64,376,1
64,469,1
64,504,2
65,87,1
65,218,6
65,455,1
65,471,10
65,839,3
65,843,1
67,202,2
67,409,1
67,472,2
67,580,1
68,75,1
68,165,1
68,262,2
68,289,2
69,19,11
69,75,1
69,262,1
69,312,1
70,100,1
70,120,1
70,183,2
70,213,1
70,239,1
70,347,1
71,87,1
71,208,1
71,240,7
72,19,3
72,96,1
72,194,1
72,204,1
72,262,2
72,323,21
72,393,15
72,442,12
72,521,4
72,584,2
73,2,67
73,19,2
73,58,2
73,75,1
73,85,2
73,94,2
73,97,2
73,131,1
73,166,6
73,173,14
73,174,9
73,193,10
73,207,1
73,213,4
73,217,16
73,293,1
73,355,4
73,481,2
73,513,1
73,591,1
73,637,2
73,658,1
73,671,4
73,688,2
73,850,1
73,857,8
74,19,1
74,41,2
74,75,1
74,79,1
74,120,3
74,214,3
74,262,3
74,288,1
74,389,2
74,454,3
74,624,3
75,2,2
75,4,1
75,8,2
75,10,4
75,30,1
75,31,1
75,38,1
75,40,2
75,41,1
75,44,1
75,53,1
75,58,3
75,61,1
75,65,2
75,66,3
75,68,1
75,69,1
75,73,3
75,74,4
75,77,1
75,81,1
75,83,4
75,87,8
75,88,1
75,89,1
75,93,2
75,99,1
75,104,1
75,109,1
75,111,3
75,112,1
75,120,3
75,124,2
75,128,1
75,131,1
75,142,5
75,145,1
75,151,1
75,162,9
75,166,5
75,172,1
75,174,2
75,180,1
75,181,4
75,182,1
75,184,2
75,195,1
75,208,6
75,210,1
75,218,2
75,221,1
75,226,1
75,245,3
75,246,1
75,251,1
75,255,1
75,270,1
75,272,1
75,275,1
75,277,1
75,280,1
75,281,17
75,282,1
75,285,5
75,304,2
75,305,2
75,307,1
75,319,1
75,323,1
75,326,2
75,327,1
75,340,1
75,355,1
75,367,3
75,368,1
75,387,2
75,393,2
75,396,1
75,400,2
75,405,2
75,410,1
75,428,1
75,435,1
75,436,1
75,440,1
75,442,1
75,445,1
75,454,2
75,455,1
75,459,1
75,460,1
75,463,1
75,472,1
75,476,2
75,507,2
75,516,1
75,522,1
75,523,5
75,557,1
75,559,1
75,578,2
75,643,1
75,671,1
75,707,1
75,827,1
75,843,1
75,853,1
76,15,28
76,24,6
76,26,15
76,32,2
76,43,1
76,62,2
76,64,1
76,68,1
76,87,1
76,117,1
76,118,1
76,135,11
76,170,16
76,202,1
76,203,2
76,222,28
76,225,1
76,227,1
76,246,1
76,319,2
76,370,3
76,390,5
76,444,13
76,503,2
76,514,1
76,569,2
76,618,1
76,638,1
76,668,1
76,890,1
76,893,1
77,19,2
77,85,4
77,124,2
77,126,3
77,236,1
77,262,1
78,14,1
78,44,5
78,53,2
78,57,12
78,67,2
78,74,8
78,80,2
78,81,17
78,99,9
78,103,3
78,107,1
78,112,2
78,122,5
78,128,5
78,148,10
78,154,5
78,164,11
78,169,13
78,186,10
78,189,13
78,195,2
78,226,11
78,232,6
78,239,1
78,248,12
78,249,2
78,254,7
78,257,5
78,262,1
78,272,1
78,283,8
78,294,7
78,313,1
78,322,5
78,330,13
78,362,1
78,375,7
78,384,2
78,409,11
78,432,9
78,433,8
78,440,13
78,447,5
78,451,5
78,462,7
78,470,11
78,472,13
78,480,1
78,641,5
78,650,1
78,661,3
78,674,11
79,74,1
79,208,1
79,310,2
79,316,1
79,334,1
79,549,1
79,652,1
79,828,6
80,81,1
80,95,9
80,122,2
80,216,7
80,249,1
81,44,13
81,75,1
81,78,7
81,80,1
81,103,4
81,122,6
81,134,3
81,164,1
81,189,2
81,195,28
81,249,4
81,253,2
81,254,1
81,262,1
81,279,1
81,313,1
81,340,1
81,432,2
82,10,2
82,99,1
82,154,3
83,19,4
83,30,4
83,75,5
83,91,4
83,118,2
83,120,5
83,133,2
83,137,3
83,169,2
83,172,8
83,176,1
83,180,17
83,183,1
83,190,2
83,204,1
83,230,2
83,262,3
83,309,1
83,320,1
83,431,1
83,486,3
83,547,1
83,650,5
83,725,4
84,5,1
84,9,2
84,34,2
84,37,1
84,56,3
84,70,1
84,121,1
84,143,7
84,150,1
84,165,4
84,221,1
84,266,1
84,289,1
84,301,1
84,341,8
84,347,1
84,537,1
84,545,1
84,550,1
84,561,1
84,703,1
85,58,1
85,77,9
85,96,3
85,131,2
85,141,2
85,145,2
85,166,1
85,174,4
85,207,23
85,217,8
85,230,4
85,316,1
85,397,1
86,162,2
86,191,11
86,244,1
86,261,6
86,342,1
86,400,1
87,65,1
87,71,4
87,93,4
87,102,5
87,110,4
87,191,2
87,218,5
87,231,5
87,240,4
87,277,3
87,289,2
87,312,1
87,317,4
87,324,1
87,331,3
87,346,4
87,356,5
87,407,3
87,428,4
87,444,2
87,453,4
87,455,3
87,471,3
87,507,5
87,525,4
87,543,2
87,549,4
87,612,4
87,726,4
87,827,3
87,831,1
88,155,14
88,200,3
88,208,2
88,216,2
88,303,1
88,424,2
88,478,1
89,19,3
89,74,2
89,75,1
89,120,23
89,127,4
89,134,14
89,183,1
89,216,12
89,238,5
89,253,6
89,260,6
89,262,1
89,292,1
89,299,3
89,313,1
89,325,21
89,331,3
89,338,2
89,342,1
89,345,1
89,373,3
89,380,2
89,403,1
89,419,1
89,454,1
89,462,2
89,474,3
89,486,1
89,527,7
89,540,6
89,546,2
89,589,1
89,607,1
89,650,2
91,19,1
91,27,3
91,34,6
91,83,8
91,92,5
91,109,1
91,120,2
91,129,1
91,142,1
91,149,1
91,180,1
91,184,18
91,188,22
91,204,14
91,211,1
91,227,10
91,230,1
91,235,7
91,242,1
91,250,1
91,275,4
91,309,2
91,314,3
91,326,1
91,340,1
91,443,3
91,650,4
91,664,2
91,713,1
91,901,1
92,91,1
93,47,4
93,71,2
93,87,1
93,102,4
93,110,5
93,191,3
93,205,1
93,218,4
93,231,3
93,240,2
93,277,4
93,317,4
93,331,6
93,346,5
93,356,3
93,407,3
93,428,17
93,453,3
93,455,6
93,471,9
93,507,5
93,549,7
93,551,1
93,612,1
93,691,1
93,726,6
93,827,1
94,2,1
94,125,6
94,193,1
94,217,1
94,343,6
94,918,1
95,40,2
95,80,6
95,88,1
95,116,7
95,192,2
95,208,5
95,216,7
95,240,3
95,244,2
95,346,2
95,818,1
96,19,3
96,64,2
96,72,1
96,85,4
96,97,1
96,111,2
96,130,3
96,151,3
96,160,1
96,179,1
96,289,1
96,312,1
96,320,1
96,379,2
96,393,1
96,416,1
96,494,2
97,2,4
97,3,1
97,17,8
97,21,2
97,45,2
97,52,1
97,73,1
97,96,1
97,101,2
97,103,20
97,118,5
97,125,5
97,131,4
97,141,2
97,143,4
97,147,2
97,158,1
97,166,11
97,174,7
97,183,1
97,193,1
97,194,1
97,198,4
97,209,4
97,212,5
97,230,1
97,242,1
97,253,2
97,254,2
97,262,1
97,286,3
97,291,2
97,293,14
97,298,2
97,312,3
97,343,17
97,347,2
97,358,1
97,385,19
97,390,2
97,402,1
97,456,1
97,486,6
97,511,4
97,519,2
97,526,2
97,536,5
97,567,9
97,591,15
97,637,3
97,848,1
97,850,1
97,926,2
97,933,1
98,120,1
98,130,1
98,486,1
99,10,3
99,128,1
99,307,2
99,330,1
99,433,5
99,472,1
100,120,1
100,158,2
100,326,2
100,456,1
100,591,3
101,14,23
101,28,10
101,46,9
101,53,3
101,107,2
101,112,1
101,162,16
101,222,17
101,226,1
101,257,1
101,305,2
101,533,1
102,87,2
102,134,1
102,216,1
102,277,3
102,313,2
102,346,3
102,356,1
102,453,1
103,38,6
103,44,1
103,55,2
103,78,2
103,81,3
103,97,8
103,144,1
103,145,9
103,146,11
103,189,3
103,195,3
103,215,2
103,226,1
103,280,2
103,282,1
103,459,2
103,473,2
104,7,2
104,77,1
104,124,2
104,126,1
104,401,8
104,436,1
105,203,1
105,392,2
106,8,10
106,9,1
106,27,19
106,34,1
106,114,3
106,119,1
106,121,1
106,158,4
106,171,1
106,189,3
106,263,14
106,266,1
106,289,1
106,291,6
106,302,5
106,308,4
106,337,3
106,377,2
106,437,2
106,443,2
106,523,8
106,544,1
106,548,6
106,645,4
107,78,2
107,195,1
107,320,1
107,328,4
107,330,4
107,437,1
108,37,5
108,168,3
108,300,8
109,9,1
109,34,2
109,106,1
110,18,3
110,48,1
110,116,5
110,208,1
110,231,2
110,292,3
110,507,1
111,44,1
111,75,3
111,85,1
111,96,5
111,130,1
111,151,8
111,166,1
111,170,5
111,174,1
111,177,5
111,179,7
111,184,3
111,187,1
111,194,3
111,203,1
111,239,1
111,285,1
111,312,2
111,323,3
111,379,4
111,393,4
111,411,2
111,442,4
111,469,1
111,494,5
111,503,1
111,521,4
111,584,3
111,664,7
111,830,3
111,848,2
112,43,1
112,44,1
112,46,1
112,53,2
112,75,1
112,101,1
112,120,1
112,162,2
112,169,3
112,185,11
112,279,3
112,305,6
113,420,1
113,421,6
113,585,1
116,16,34
116,48,2
116,60,1
116,74,1
116,95,34
116,110,18
116,134,2
116,231,15
116,244,17
116,321,1
116,381,14
116,419,3
116,424,1
116,458,2
116,476,14
116,549,3
117,19,12
117,76,1
117,130,2
117,262,16
117,318,3
118,3,1
118,17,1
118,19,6
118,30,1
118,32,3
118,34,2
118,44,1
118,60,1
118,76,1
118,83,2
118,89,2
118,91,6
118,97,2
118,120,6
118,126,2
118,130,1
118,145,3
118,151,3
118,166,2
118,168,4
118,169,5
118,171,1
118,172,1
118,174,2
118,181,8
118,182,1
118,184,1
118,187,3
118,190,1
118,204,4
118,211,2
118,235,1
118,239,21
118,244,3
118,246,6
118,250,2
118,268,2
118,269,1
118,312,2
118,313,8
118,314,1
118,323,2
118,347,2
118,358,3
118,402,5
118,403,2
118,450,1
118,504,1
118,511,2
118,518,1
118,707,3
119,106,3
119,149,3
119,158,10
119,188,3
119,250,2
119,296,3
119,301,1
119,302,1
119,390,3
119,443,5
120,9,1
120,22,2
120,32,1
120,34,4
120,36,1
120,42,2
120,43,4
120,58,1
120,70,1
120,74,5
120,83,4
120,89,23
120,91,5
120,92,1
120,98,1
120,100,2
120,112,1
120,118,3
120,128,5
120,130,1
120,133,1
120,134,1
120,145,5
120,169,4
120,172,2
120,174,4
120,180,3
120,188,1
120,207,4
120,210,1
120,217,1
120,223,2
120,225,8
120,227,2
120,230,4
120,235,5
120,238,1
120,239,3
120,263,1
120,280,1
120,282,1
120,291,2
120,292,1
120,305,2
120,319,1
120,328,4
120,330,3
120,331,1
120,341,1
120,355,7
120,389,1
120,400,2
120,403,2
120,431,4
120,450,1
120,462,1
120,474,1
120,486,1
120,505,1
120,526,1
120,650,11
120,725,1
121,9,13
121,106,1
121,266,5
121,301,4
122,10,1
122,19,6
122,44,2
122,53,2
122,57,1
122,80,2
122,81,6
122,195,5
122,249,3
122,254,5
123,31,2
123,60,1
123,95,3
123,192,4
123,220,3
123,244,3
123,333,3
123,426,1
123,511,6
123,517,4
123,590,7
124,59,2
124,77,1
124,126,6
124,184,1
124,271,1
124,289,2
124,300,1
124,312,1
124,652,1
125,52,5
125,94,15
125,97,2
125,166,1
125,179,5
125,212,14
125,213,3
125,343,29
125,416,1
125,418,1
126,7,14
126,13,20
126,59,5
126,77,6
126,104,11
126,124,4
126,236,8
126,251,8
126,271,8
126,300,7
126,415,4
126,416,2
126,418,12
127,89,4
127,244,1
127,260,3
128,10,1
128,53,10
128,67,4
128,99,2
128,120,2
128,154,7
128,186,2
128,226,2
128,232,2
128,248,2
128,249,1
128,276,2
128,307,5
128,322,2
128,330,2
128,375,2
128,384,2
128,433,2
128,447,2
128,480,2
128,485,2
128,604,3
130,19,2
130,44,1
130,64,1
130,76,3
130,96,2
130,119,2
130,166,1
130,171,4
130,187,1
130,268,3
130,281,1
130,285,2
130,312,1
130,347,1
130,430,1
130,437,3
130,503,1
130,514,1
131,3,1
131,17,2
131,35,2
131,38,2
131,58,2
131,73,1
131,75,1
131,85,2
131,97,12
131,103,1
131,146,9
131,166,6
131,174,2
131,207,1
131,213,1
131,243,1
131,343,3
131,385,1
131,402,1
131,536,2
131,591,2
131,637,5
132,210,1
132,285,1
132,448,2
132,839,1
132,843,1
133,20,1
133,83,5
133,120,1
133,137,1
133,150,4
133,180,3
133,223,1
133,242,1
133,275,1
133,291,1
133,336,2
133,377,3
134,48,8
134,54,1
134,79,4
134,81,1
134,88,2
134,89,17
134,102,1
134,110,4
134,169,2
134,208,3
134,231,8
134,238,4
134,240,1
134,292,5
134,299,5
134,303,1
134,310,3
134,325,12
134,334,8
134,360,4
134,478,4
134,505,2
134,808,3
134,827,5
134,828,9
134,831,4
135,26,6
135,76,6
135,162,1
135,170,5
135,174,1
135,265,1
135,268,1
135,444,7
135,572,1
136,60,1
136,160,1
136,181,2
136,358,1
136,585,1
136,650,1
137,133,2
137,377,1
138,18,7
138,40,5
138,54,2
138,88,2
138,95,2
138,135,3
138,158,6
138,159,2
138,200,1
138,208,1
138,250,1
138,268,13
138,297,4
138,303,14
138,304,1
138,327,2
138,371,1
138,394,3
138,475,2
138,476,3
138,488,8
138,519,2
138,594,2
138,685,3
138,844,1
139,9,2
139,37,3
139,83,2
140,139,1
140,335,1
140,363,1
140,497,1
141,55,1
141,58,1
141,73,1
141,85,3
141,97,1
141,153,2
141,166,1
141,174,2
141,209,2
141,298,1
141,355,5
141,528,2
141,614,1
141,688,2
141,886,1
142,19,1
142,75,3
142,118,1
142,187,1
142,262,2
142,289,3
142,312,1
142,341,1
142,456,2
143,50,7
143,84,9
143,97,3
143,234,3
143,309,3
143,538,3
143,586,3
143,624,1
143,648,1
143,932,1
144,3,2
144,35,2
144,103,2
144,162,1
144,225,2
145,19,2
145,38,2
145,55,2
145,85,1
145,89,1
145,103,20
145,118,1
145,120,4
145,146,3
145,166,1
145,174,3
145,183,1
145,215,2
145,289,1
145,312,1
145,459,2
145,473,2
145,557,4
146,17,10
146,32,1
146,35,13
146,38,12
146,103,13
146,131,11
146,144,1
146,145,3
146,637,11
149,158,1
149,296,1
149,308,1
149,443,2
150,75,1
150,133,1
150,280,2
150,551,1
150,561,2
151,19,1
151,96,1
151,97,1
151,111,1
151,118,1
151,126,1
151,145,1
151,174,1
151,177,2
151,179,1
151,194,3
151,239,1
151,323,1
151,402,1
151,411,4
151,494,1
151,521,1
152,2,4
152,39,8
152,340,5
152,378,6
152,566,2
153,2,7
153,3,4
153,20,2
153,56,1
153,141,3
153,193,1
153,198,1
153,205,6
153,209,12
153,251,1
153,299,2
153,355,9
153,357,2
153,377,3
153,389,1
153,441,28
153,488,2
154,10,1
154,19,1
154,128,1
154,330,7
156,13,4
156,124,2
156,251,1
156,416,2
157,158,1
157,313,1
158,3,4
158,100,1
158,106,1
158,119,4
158,157,1
158,214,2
158,263,1
158,308,1
158,313,2
158,390,1
159,155,2
159,208,5
159,244,1
159,304,18
160,4,3
160,9,1
160,33,3
160,34,4
160,36,2
160,37,3
160,96,1
160,136,2
160,246,1
160,252,11
160,274,1
160,280,1
160,379,2
160,391,2
160,420,2
160,421,1
160,517,1
160,543,5
160,579,1
160,585,1
160,590,2
160,618,1
160,638,2
161,36,3
161,280,2
161,285,1
161,400,1
162,8,1
162,10,1
162,14,12
162,29,1
162,43,28
162,44,4
162,46,11
162,74,1
162,75,4
162,84,1
162,86,3
162,87,1
162,101,14
162,112,14
162,135,1
162,144,3
162,169,30
162,171,1
162,185,16
162,226,20
162,229,14
162,239,4
162,262,8
162,279,4
162,281,1
162,283,11
162,285,1
162,289,1
162,305,17
162,313,1
162,319,1
162,337,13
162,354,7
162,362,1
162,409,18
162,451,11
162,463,1
162,484,13
162,512,1
162,634,1
162,651,12
162,652,1
162,674,13
162,693,2
163,7,4
163,77,1
163,124,3
163,178,2
164,81,1
164,195,4
164,254,1
165,5,5
165,19,2
165,56,7
165,61,3
165,171,2
165,289,1
165,294,5
165,312,1
165,329,2
165,350,5
165,386,4
165,542,4
165,545,1
166,2,7
166,17,2
166,38,1
166,55,8
166,58,2
166,73,6
166,75,1
166,76,1
166,97,6
166,103,1
166,111,6
166,131,4
166,141,2
166,145,2
166,146,1
166,173,1
166,174,6
166,184,3
166,193,4
166,203,2
166,207,1
166,209,2
166,212,2
166,213,5
166,217,6
166,228,1
166,239,1
166,243,1
166,289,2
166,312,1
166,343,3
166,349,2
166,385,2
166,456,1
166,481,2
166,486,1
166,503,1
166,528,3
166,637,3
166,658,1
166,671,2
167,106,13
167,119,13
167,158,13
167,296,13
167,302,13
167,308,13
168,7,1
168,90,1
168,108,1
168,348,1
168,404,3
169,14,1
169,43,27
169,46,1
169,74,1
169,89,1
169,101,1
169,112,14
169,118,4
169,120,2
169,134,2
169,162,20
169,183,1
169,184,2
169,185,23
169,226,4
169,229,4
169,239,1
169,262,2
169,283,4
169,305,24
169,312,2
169,313,2
169,337,1
169,342,1
169,354,2
169,362,1
169,409,4
169,437,1
169,451,2
169,484,5
169,634,1
169,641,1
169,650,2
169,651,1
169,674,1
170,24,11
170,76,18
170,111,18
170,135,21
170,268,1
170,370,2
170,444,20
171,30,1
171,44,1
171,104,1
171,106,1
171,111,2
171,114,1
171,162,1
171,165,1
171,180,1
171,216,1
171,260,1
171,268,4
171,289,1
171,323,1
171,410,1
171,480,1
171,534,1
172,75,1
172,83,5
172,235,1
172,291,7
172,431,1
173,2,11
173,58,1
173,73,10
173,94,2
173,174,2
173,193,11
173,481,3
173,591,2
173,631,1
173,658,3
173,857,2
174,2,7
174,19,1
174,38,6
174,55,2
174,58,13
174,73,9
174,75,4
174,85,7
174,97,3
174,118,1
174,120,3
174,135,2
174,141,3
174,145,3
174,151,1
174,166,2
174,173,2
174,193,1
174,207,5
174,209,1
174,213,1
174,215,1
174,217,50
174,243,4
174,262,2
174,293,1
174,298,6
174,312,1
174,323,1
174,349,8
174,355,2
174,402,1
174,486,1
174,504,1
174,513,1
174,528,3
174,591,2
174,637,3
174,671,2
174,688,7
174,830,1
174,848,1
174,850,11
174,857,2
175,60,1
176,6,1
176,19,1
176,37,1
176,60,2
176,76,1
176,133,2
176,134,1
176,138,1
176,165,1
176,181,2
176,182,1
176,197,1
176,202,1
176,208,1
176,262,1
176,301,2
176,310,1
176,313,1
176,320,2
176,336,2
176,429,1
176,856,1
177,151,2
177,194,2
177,499,1
178,7,1
178,49,1
178,124,2
178,156,1
178,163,4
178,436,1
179,125,4
179,343,1
179,411,1
180,22,2
180,83,13
180,118,1
180,120,2
180,133,1
180,196,8
180,223,6
180,262,3
180,278,1
180,312,1
180,377,1
180,383,6
180,406,6
180,635,1
181,31,2
181,60,2
181,75,1
181,176,1
181,190,6
181,264,1
181,332,2
181,358,1
181,396,2
181,439,1
181,460,1
181,530,1
181,558,1
181,571,1
181,579,2
181,638,1
181,650,12
182,8,1
182,32,1
182,118,1
182,165,1
182,320,3
182,650,1
183,68,3
183,83,4
183,89,4
183,91,3
183,97,1
183,118,3
183,145,4
183,227,1
183,235,4
183,268,3
183,277,4
183,303,4
183,323,4
183,326,4
183,330,4
183,331,1
183,347,3
183,402,4
183,460,4
183,486,4
183,650,4
184,75,1
184,91,1
184,166,1
184,169,2
184,195,1
184,227,3
184,435,1
184,456,1
185,14,2
185,19,1
185,43,4
185,46,5
185,75,1
185,101,2
185,112,9
185,162,6
185,169,13
185,226,2
185,229,15
185,279,2
185,305,3
185,337,2
185,354,2
185,409,2
185,451,2
185,484,6
185,651,2
185,674,2
186,128,1
186,279,2
187,8,1
187,32,3
187,87,1
187,118,2
187,120,1
187,142,1
187,145,1
187,183,1
187,239,3
187,281,1
187,312,1
187,313,1
187,319,1
187,326,1
187,347,1
187,437,5
187,463,1
187,512,1
187,652,1
188,9,5
188,34,3
188,91,12
188,120,1
188,204,6
188,227,1
188,443,2
188,825,1
189,10,2
189,44,34
189,57,1
189,67,1
189,103,3
189,106,3
189,122,1
189,195,5
189,248,2
189,249,1
189,254,1
189,330,3
189,384,1
189,409,3
190,60,2
190,83,3
190,181,3
190,309,2
190,374,2
190,382,1
190,450,2
191,86,14
191,87,1
191,102,2
191,110,3
191,205,8
191,244,1
191,261,10
191,471,5
191,479,1
192,4,1
192,31,5
192,60,1
192,95,2
192,123,4
192,333,2
192,517,6
192,590,11
193,2,25
193,3,2
193,73,14
193,94,2
193,166,7
193,173,16
193,174,3
193,209,2
193,344,1
193,481,7
193,591,6
193,601,1
193,631,1
193,671,2
193,857,1
194,72,1
194,97,1
194,151,4
194,477,1
194,521,2
195,44,7
195,53,1
195,81,14
195,103,3
195,107,1
195,122,11
195,164,1
195,184,2
195,189,4
195,254,1
195,279,8
195,287,6
195,432,1
195,439,1
195,472,1
195,510,3
195,661,2
196,137,5
196,180,2
196,504,1
197,19,3
197,130,3
197,176,5
197,262,4
197,444,2
197,449,3
198,17,2
198,55,2
198,97,2
198,153,2
198,166,1
198,215,1
198,293,2
198,343,1
198,349,1
198,385,1
198,504,2
198,536,1
198,567,1
198,885,1
199,3,1
199,181,3
199,289,1
200,20,1
200,54,2
200,88,2
200,155,1
200,303,1
200,327,4
200,488,4
200,689,1
200,705,3
201,208,1
201,214,3
201,244,2
201,310,3
201,313,2
201,427,1
201,446,1
201,479,2
201,636,1
202,107,2
202,176,1
202,534,1
203,19,4
203,39,1
203,49,2
203,105,4
203,108,1
203,168,5
203,227,2
203,262,1
203,378,3
203,392,2
203,469,1
203,503,1
203,514,1
203,611,1
203,662,1
203,699,1
204,19,1
204,72,1
204,81,3
204,83,1
204,91,38
204,126,1
204,172,2
204,188,1
204,211,1
204,230,7
204,235,1
204,262,12
204,268,5
204,312,1
204,314,1
204,323,8
204,330,1
204,340,77
204,402,2
204,472,1
204,650,1
204,664,9
205,3,1
205,20,1
205,153,3
205,191,1
205,313,1
205,327,4
205,346,2
205,394,1
205,488,1
205,705,1
206,60,1
206,175,2
206,246,1
206,274,1
206,332,1
206,420,1
206,439,1
207,85,15
207,131,2
207,166,1
207,174,3
207,209,1
207,215,1
207,217,1
207,243,5
207,298,3
208,71,1
208,75,3
208,88,5
208,102,2
208,134,1
208,155,1
208,159,3
208,201,2
208,240,2
208,245,1
208,253,1
208,277,4
208,295,2
208,303,3
208,304,5
208,313,1
208,356,1
208,371,3
208,407,1
208,417,1
208,427,1
208,446,1
208,476,1
208,520,1
208,650,1
208,726,2
208,843,1
208,852,1
209,2,4
209,3,1
209,97,4
209,153,3
209,166,7
209,174,1
209,193,1
209,198,1
209,212,1
209,298,1
209,343,2
209,355,5
209,637,3
209,885,1
210,132,1
210,314,1
211,19,2
211,130,1
211,486,4
212,19,2
212,52,8
212,97,7
212,125,17
212,130,1
212,166,1
212,209,1
212,312,1
212,323,1
212,343,2
212,442,4
212,848,1
212,918,15
213,2,33
213,38,2
213,73,8
213,94,6
213,125,2
213,131,1
213,166,5
213,217,14
213,227,1
213,239,1
213,343,2
213,349,5
213,355,2
213,385,1
213,481,2
213,631,1
214,74,2
214,158,3
214,201,1
214,342,1
214,652,2
215,20,1
215,55,2
215,58,7
215,103,1
215,145,1
215,198,1
215,207,1
215,209,1
215,243,2
215,459,1
215,473,1
215,528,1
215,591,1
215,637,1
216,19,7
216,80,3
216,88,3
216,89,6
216,95,4
216,102,1
216,127,1
216,134,2
216,260,1
216,313,3
216,319,2
216,325,4
216,423,3
216,424,2
216,462,1
216,474,1
216,477,1
216,505,3
217,2,24
217,58,1
217,73,7
217,85,6
217,94,5
217,174,17
217,213,6
217,262,1
217,343,22
217,349,3
217,850,1
218,65,1
218,75,1
218,87,2
218,231,7
218,244,6
218,334,2
218,505,3
218,852,1
219,568,3
219,842,2
219,860,2
221,5,1
221,34,15
221,75,1
221,84,1
221,313,1
221,342,2
221,545,2
221,652,2
222,15,21
222,26,12
222,76,14
222,101,29
222,227,33
222,444,13
222,572,1
223,83,1
223,120,1
223,180,6
223,383,2
223,597,1
224,4,2
224,675,2
225,120,8
225,144,4
225,239,3
225,288,3
225,329,1
225,505,2
225,509,1
226,19,1
226,43,1
226,103,2
226,112,1
226,162,3
226,169,1
226,185,1
226,229,1
226,249,2
226,257,1
226,262,1
226,305,1
226,409,2
226,432,1
226,484,1
227,8,1
227,10,1
227,29,2
227,44,3
227,91,3
227,120,2
227,162,1
227,188,2
227,203,1
227,213,2
227,228,4
227,239,5
227,289,1
227,341,3
227,347,1
227,375,1
227,504,1
227,652,3
228,70,1
228,614,1
229,46,2
229,112,1
229,185,10
229,337,4
229,484,1
230,83,1
230,85,2
230,120,4
230,134,2
230,204,1
230,242,4
230,262,1
230,440,3
230,523,1
230,664,1
230,901,1
231,93,1
231,110,2
231,116,13
231,134,8
231,218,9
231,325,1
231,356,1
231,525,3
231,549,1
232,10,1
232,53,6
232,276,8
232,433,10
232,674,10
233,324,1
234,45,2
234,551,2
235,36,2
235,42,1
235,61,9
235,91,3
235,120,5
235,132,1
235,172,8
235,183,1
235,280,3
235,282,6
235,285,6
235,299,6
235,340,1
235,400,7
235,431,9
235,464,1
235,527,4
236,13,1
236,59,1
236,77,1
236,126,1
236,300,1
236,366,1
236,401,1
236,874,1
237,31,1
237,60,1
237,190,1
237,358,1
237,396,2
238,342,1
239,20,1
239,78,1
239,89,1
239,91,1
239,118,6
239,120,6
239,134,1
239,158,4
239,162,1
239,166,1
239,169,2
239,181,2
239,213,4
239,227,1
239,289,1
239,309,2
239,319,1
239,347,1
239,393,1
239,650,6
239,707,1
240,71,2
240,87,3
240,93,1
240,95,1
240,134,1
240,208,3
240,277,1
240,290,8
241,51,1
241,244,1
241,465,1
241,573,3
241,626,2
242,30,1
242,91,1
242,145,1
242,230,2
243,2,1
243,55,2
243,131,1
243,166,2
243,174,1
243,207,6
243,215,1
243,298,1
244,95,4
244,116,6
244,118,2
244,123,9
244,127,13
244,155,1
244,159,2
244,191,3
244,201,1
244,218,7
244,241,2
244,249,1
244,253,5
244,259,2
244,260,5
244,261,3
244,334,3
244,345,5
244,393,2
244,423,13
244,445,2
244,476,1
244,479,1
244,501,1
245,75,1
245,88,1
245,304,4
246,4,1
246,6,1
246,31,2
246,181,1
246,289,1
246,437,1
247,182,1
247,321,2
247,410,1
247,674,1
248,10,1
248,53,2
248,189,1
248,232,1
248,276,1
248,367,1
248,375,1
248,384,1
248,409,1
248,433,1
248,485,1
248,604,1
249,17,5
249,44,6
249,53,1
249,80,1
249,81,1
249,122,5
249,128,1
249,189,1
249,226,1
249,244,1
249,253,3
249,307,3
249,322,3
249,362,3
249,375,1
249,432,1
249,433,4
249,462,1
250,19,1
250,91,2
250,119,1
250,137,1
250,138,1
250,158,1
250,296,1
250,437,1
250,650,1
250,825,1
251,13,2
251,59,4
251,124,2
251,126,2
251,156,3
251,163,1
251,178,1
251,236,1
251,267,1
251,271,3
251,300,3
251,366,2
251,401,3
251,921,1
252,160,7
253,74,1
253,81,3
253,89,7
253,97,2
253,127,3
253,134,1
253,165,1
253,244,8
253,249,4
253,260,8
253,272,1
253,294,4
253,319,3
253,324,1
253,325,4
253,345,1
253,369,5
253,423,5
253,527,1
253,607,1
253,642,4
254,44,5
254,81,3
254,97,1
254,112,1
254,164,3
254,189,2
254,195,3
254,202,1
254,279,1
254,305,1
254,432,2
254,440,1
254,889,2
255,40,8
255,75,1
255,208,6
256,306,2
256,382,3
257,28,5
257,57,9
257,78,2
258,137,2
259,239,3
259,244,2
259,299,1
259,324,2
259,437,1
259,474,1
259,479,1
259,527,3
260,89,7
260,127,3
260,171,1
260,244,4
260,253,4
260,319,1
260,320,1
260,325,2
260,345,2
260,573,1
260,607,1
261,20,1
261,86,7
261,157,1
261,191,8
261,244,1
261,471,3
262,8,3
262,10,1
262,11,3
262,13,3
262,19,11
262,29,3
262,30,3
262,31,2
262,32,1
262,43,1
262,44,5
262,58,4
262,68,5
262,69,5
262,74,3
262,78,1
262,81,3
262,84,3
262,85,3
262,87,4
262,91,3
262,117,5
262,118,3
262,126,3
262,138,3
262,141,2
262,142,4
262,145,1
262,162,4
262,165,3
262,169,1
262,176,1
262,180,6
262,197,1
262,203,1
262,204,2
262,211,3
262,217,1
262,230,1
262,268,10
262,278,2
262,285,3
262,320,1
262,330,3
262,347,1
262,358,3
262,437,1
262,472,3
262,480,2
262,486,4
262,518,3
262,561,3
262,578,3
262,652,3
262,664,1
262,848,1
262,882,3
262,899,2
263,8,2
263,9,1
263,91,2
263,106,2
263,119,1
263,130,4
263,149,2
263,158,2
263,548,1
263,715,1
264,181,1
264,358,1
264,396,1
264,558,1
264,571,1
264,579,1
264,615,1
264,667,1
264,785,1
264,817,1
264,847,1
265,28,23
265,135,1
265,289,1
266,114,9
266,121,14
266,133,1
266,301,1
266,308,1
266,336,1
266,515,11
267,13,1
267,59,2
267,178,1
268,18,9
268,19,2
268,32,4
268,40,1
268,68,1
268,75,2
268,130,4
268,135,2
268,138,12
268,158,4
268,170,2
268,171,6
268,176,4
268,197,2
268,204,2
268,262,10
268,289,3
268,303,2
268,312,6
268,320,4
268,437,7
268,449,2
268,486,2
268,650,1
268,652,2
268,665,2
268,858,2
268,880,2
268,893,2
269,118,1
270,310,5
270,313,2
270,316,1
271,7,1
271,13,3
271,53,2
271,59,1
271,104,1
271,124,5
271,126,3
271,236,2
271,251,3
271,267,1
271,300,3
271,366,3
271,401,3
271,418,3
272,295,1
274,60,1
274,190,1
274,374,1
274,382,1
274,420,1
274,638,1
275,75,1
275,91,4
275,137,1
275,725,1
276,53,5
276,232,7
276,433,8
277,183,1
277,208,1
277,346,4
277,356,1
278,8,7
278,182,1
278,239,1
278,247,2
278,250,2
278,262,2
278,321,2
278,410,1
278,554,1
279,44,1
279,162,1
279,185,1
279,186,1
279,195,4
279,283,1
279,305,1
279,409,1
279,470,3
279,484,1
279,693,2
280,36,1
280,103,3
280,120,1
280,150,1
280,160,1
280,161,2
280,235,1
280,285,4
281,32,1
281,130,1
281,200,2
281,289,1
281,303,1
281,312,1
281,327,1
281,387,2
281,389,1
281,456,1
281,519,1
282,30,11
282,83,1
282,120,1
282,172,1
282,235,3
282,262,1
282,285,2
282,291,3
282,400,1
282,431,3
282,522,3
283,3,1
283,279,2
283,409,1
284,250,2
284,844,2
285,21,2
285,36,2
285,42,3
285,61,10
285,132,3
285,161,2
285,172,3
285,235,4
285,280,9
285,282,6
285,359,1
285,400,5
285,431,7
285,464,1
285,466,2
285,522,1
285,562,1
285,694,3
285,712,2
286,97,1
287,195,9
287,463,1
287,757,1
288,19,1
288,74,1
288,225,3
288,413,1
289,20,1
289,44,1
289,58,2
289,60,1
289,75,3
289,84,1
289,85,1
289,96,1
289,106,2
289,142,2
289,166,1
289,168,1
289,239,1
289,268,2
289,319,6
289,393,1
289,462,1
289,652,1
289,665,1
289,668,1
290,66,1
290,86,3
290,240,21
290,261,1
291,9,5
291,30,4
291,34,12
291,61,4
291,106,4
291,120,1
291,133,1
291,172,5
291,282,5
291,320,1
291,523,2
293,2,3
293,97,11
293,198,1
293,343,1
293,536,1
293,567,3
293,591,1
293,637,1
294,56,6
294,165,11
294,225,4
294,288,1
294,305,1
294,350,1
294,362,2
294,386,6
294,703,1
294,808,1
295,102,1
295,208,1
295,555,1
296,1,2
296,158,2
297,138,5
297,303,3
297,328,4
297,387,3
297,445,3
298,2,3
298,58,1
298,73,2
298,97,1
298,131,1
298,166,1
298,174,6
298,207,4
298,209,1
298,217,1
298,239,1
298,243,2
298,286,1
298,355,1
298,441,2
298,857,2
299,91,1
299,134,1
299,153,2
299,172,1
299,235,8
299,259,1
299,395,5
299,431,2
299,520,5
299,527,5
299,856,1
300,13,7
300,49,1
300,59,10
300,108,5
300,124,1
300,126,3
300,236,1
300,416,3
301,9,1
301,34,1
301,84,1
301,121,2
301,176,2
302,8,1
302,106,2
302,158,1
304,40,2
304,159,5
304,245,2
305,43,5
305,101,1
305,120,1
305,162,1
305,169,1
305,185,1
305,254,1
305,262,1
305,294,1
306,224,10
306,256,1
306,391,4
306,598,18
306,675,12
307,99,2
307,128,2
307,249,2
307,480,1
309,50,1
309,59,1
309,64,1
309,91,3
309,190,2
309,239,1
309,289,1
309,303,1
309,405,1
309,495,2
309,931,1
310,41,1
310,79,2
310,134,1
310,201,2
310,214,4
310,270,13
310,311,8
310,313,3
310,316,1
310,334,1
310,360,1
310,462,1
310,479,1
310,652,5
311,307,2
311,310,6
311,523,1
312,8,2
312,10,1
312,22,3
312,26,2
312,29,1
312,30,3
312,32,6
312,34,4
312,35,1
312,44,3
312,61,1
312,64,1
312,73,3
312,75,1
312,76,1
312,78,2
312,81,2
312,83,2
312,84,1
312,85,1
312,87,1
312,89,1
312,96,3
312,97,6
312,111,4
312,118,1
312,120,1
312,124,1
312,130,2
312,134,2
312,142,2
312,145,3
312,162,2
312,165,1
312,166,8
312,169,3
312,171,2
312,174,2
312,180,4
312,181,1
312,184,3
312,203,1
312,212,1
312,235,1
312,268,2
312,269,2
312,281,2
312,285,3
312,291,1
312,303,2
312,309,1
312,313,1
312,314,1
312,318,4
312,319,2
312,323,2
312,326,2
312,330,1
312,331,1
312,343,2
312,346,1
312,347,2
312,362,1
312,385,3
312,402,2
312,411,1
312,437,2
312,441,1
312,456,4
312,463,1
312,472,1
312,474,1
312,476,1
312,503,2
312,504,1
312,511,1
312,512,2
312,523,2
312,561,1
312,562,1
312,578,2
312,589,1
312,606,1
312,650,1
312,652,1
312,660,1
312,665,1
312,707,1
312,828,1
312,914,1
313,19,2
313,41,1
313,81,3
313,102,3
313,118,1
313,134,3
313,157,1
313,158,6
313,165,1
313,169,4
313,187,1
313,201,1
313,205,3
313,214,2
313,216,1
313,221,1
313,239,1
313,270,6
313,310,4
313,317,2
313,330,4
313,334,2
313,342,1
313,367,3
313,427,1
313,472,3
313,650,2
313,652,20
314,91,1
314,204,1
315,165,1
316,11,3
316,41,3
316,79,4
316,85,4
316,201,3
316,214,5
316,254,1
316,270,3
316,310,3
316,313,4
316,334,3
316,356,5
316,360,3
316,367,3
316,427,3
316,446,3
316,479,3
316,575,6
316,636,6
316,652,4
316,825,2
316,828,5
316,929,3
317,41,2
317,93,4
317,102,1
317,205,1
317,313,7
317,334,1
317,338,1
318,183,1
319,76,1
319,120,3
319,134,1
319,216,2
319,253,1
319,260,1
319,289,2
319,380,2
319,540,1
319,616,2
320,6,1
320,19,2
320,24,1
320,42,1
320,83,1
320,96,1
320,107,1
320,161,1
320,176,1
320,291,1
320,389,1
320,437,1
320,462,1
321,106,1
321,486,1
321,523,1
322,249,3
323,72,40
323,379,2
323,393,4
323,411,1
323,442,11
324,253,2
324,474,4
324,827,1
325,48,1
325,79,1
325,89,4
325,134,6
325,216,2
325,231,1
325,253,1
325,260,1
325,331,1
325,345,2
325,828,3
326,75,3
326,91,1
326,100,2
326,187,3
326,208,3
326,227,1
326,402,1
326,825,1
327,200,10
327,205,8
327,281,1
327,303,2
327,488,14
327,705,2
328,107,12
328,120,34
328,132,1
328,297,36
328,313,1
328,652,3
330,10,2
330,19,1
330,99,2
330,107,1
330,120,1
330,128,3
330,154,3
330,189,2
330,248,4
330,262,2
330,307,2
330,432,1
330,447,5
330,480,2
331,87,4
331,89,3
331,93,3
331,120,1
331,183,2
331,240,1
331,277,1
331,325,1
331,525,1
331,543,1
332,12,1
332,60,1
332,181,1
332,199,1
332,264,1
332,358,1
332,396,1
332,508,6
332,535,1
332,558,1
332,571,1
332,579,1
332,667,1
332,785,1
332,817,1
332,847,1
333,4,2
333,6,1
333,31,12
333,60,1
333,181,2
333,256,2
333,374,2
333,399,3
333,405,2
333,421,1
333,460,2
333,529,1
333,638,1
333,704,1
334,41,2
334,79,3
334,134,6
334,201,2
334,214,2
334,218,1
334,244,1
334,270,2
334,310,2
334,313,2
334,316,2
334,328,2
334,360,2
334,367,2
334,427,2
334,446,3
334,479,2
334,605,2
334,636,2
334,677,2
334,741,1
334,828,3
335,179,3
336,19,1
336,137,1
336,534,1
336,725,1
337,43,1
337,106,1
337,162,1
337,484,1
338,89,1
338,317,1
338,334,1
340,2,1
340,13,2
340,20,2
340,72,1
340,81,1
340,91,1
340,152,1
340,204,22
340,211,1
340,227,1
340,235,1
340,239,1
340,262,1
340,286,2
340,362,1
340,664,30
341,84,10
341,227,1
341,289,1
342,221,2
342,652,2
342,668,1
343,2,26
343,17,1
343,38,1
343,52,9
343,94,6
343,97,9
343,125,18
343,130,1
343,131,2
343,166,3
343,179,1
343,207,1
343,209,4
343,213,4
343,217,39
343,385,1
343,637,1
343,936,1
344,193,2
344,566,2
344,601,4
344,896,3
345,244,2
345,325,2
346,87,1
346,93,1
346,95,1
346,102,3
346,205,4
346,277,3
347,70,1
347,130,1
347,227,1
348,168,4
349,2,1
349,17,2
349,55,1
349,166,3
349,355,8
349,528,1
349,567,2
349,637,1
350,56,16
350,165,16
350,294,10
350,437,1
353,299,2
353,395,1
353,520,10
353,655,5
354,305,2
355,2,4
355,33,1
355,37,4
355,55,1
355,58,8
355,73,4
355,120,4
355,141,3
355,153,6
355,166,1
355,209,8
355,213,2
355,349,5
355,528,2
356,87,1
356,102,1
356,208,1
356,316,1
356,453,2
357,153,5
358,60,7
358,97,1
358,181,6
358,190,2
358,239,1
358,382,1
358,650,7
360,311,1
360,652,1
362,44,1
362,183,1
362,249,1
362,294,1
362,486,1
363,9,2
366,59,5
366,124,1
366,251,1
366,300,1
366,401,2
366,544,1
366,874,4
367,50,1
367,61,1
367,248,2
367,313,2
368,75,1
369,253,1
371,208,1
371,303,1
372,27,1
372,443,1
373,642,1
374,190,3
374,333,1
374,391,1
375,249,1
375,433,1
377,83,1
377,106,2
377,137,3
377,153,1
377,180,3
377,223,3
377,336,5
377,511,1
377,523,3
377,547,3
377,596,3
377,725,7
378,20,1
378,39,5
378,49,1
378,108,1
378,152,2
378,203,1
378,392,1
378,402,1
379,96,2
379,160,2
380,40,2
380,89,2
380,134,1
380,299,1
380,319,3
380,420,1
380,474,1
380,527,2
380,540,1
381,16,5
381,95,5
381,116,10
381,476,5
382,60,3
382,190,2
382,274,2
382,374,2
382,391,3
382,420,3
382,450,2
383,42,1
383,180,2
383,239,1
384,10,3
384,409,3
385,97,3
385,131,1
386,294,5
387,75,2
387,138,3
387,281,4
387,297,3
387,303,3
387,445,2
388,899,1
389,153,1
389,268,1
389,320,1
390,76,3
390,119,1
390,158,1
391,60,2
391,160,2
391,175,3
391,274,3
391,374,1
391,382,1
391,420,1
392,105,1
393,72,13
393,239,1
393,244,2
393,323,3
393,411,1
393,442,2
393,652,2
394,138,1
394,205,1
394,281,1
394,475,1
394,519,1
395,299,14
395,418,2
396,60,3
396,237,2
396,246,1
396,571,1
397,85,1
397,96,1
397,286,1
397,591,2
399,60,1
399,190,1
399,613,1
400,43,2
400,75,2
400,86,1
400,120,1
400,282,1
400,431,1
401,104,2
401,124,1
401,271,2
402,97,1
402,108,1
402,118,2
402,126,1
402,145,1
402,151,1
402,174,1
402,183,1
402,203,1
402,239,1
402,323,1
402,439,1
402,469,1
403,118,1
403,120,6
403,233,1
404,39,1
404,105,2
404,108,1
404,168,6
404,203,1
404,348,1
404,378,1
404,392,1
404,402,1
404,611,1
404,699,1
404,701,1
405,60,6
405,256,2
405,309,1
405,333,5
405,399,1
405,511,1
405,516,1
406,180,1
406,497,4
406,695,3
407,205,1
407,346,1
407,507,1
407,934,1
408,6,1
409,43,3
409,57,3
409,67,4
409,112,1
409,162,2
409,189,3
409,248,2
409,279,2
409,384,3
409,433,4
410,8,1
410,19,6
410,106,1
410,247,8
410,523,1
410,548,1
410,674,1
410,829,1
411,72,1
411,96,1
411,111,1
411,151,11
411,177,1
411,179,1
411,194,2
411,323,2
411,379,1
411,393,1
411,442,3
411,494,1
411,521,5
411,553,1
411,584,1
411,833,1
411,868,1
411,869,1
412,289,1
413,74,1
413,288,2
413,454,1
415,13,1
415,34,1
415,124,1
416,7,1
416,13,2
416,59,1
416,77,1
416,96,1
416,104,1
416,124,2
416,125,2
416,126,2
416,236,1
416,251,1
416,267,1
416,366,1
416,415,1
416,418,1
417,138,2
418,34,1
418,124,1
418,126,1
418,395,1
418,415,1
419,89,1
419,116,1
420,60,5
420,113,3
420,160,2
420,181,1
420,190,1
420,192,1
420,246,1
420,274,1
420,358,1
420,380,1
420,382,1
420,450,1
420,590,1
421,160,1
421,333,1
421,511,1
422,104,1
422,124,1
422,401,1
423,102,1
423,127,8
423,191,1
423,216,3
423,244,7
423,253,1
426,31,4
426,123,1
426,192,2
426,220,1
426,333,1
426,511,1
427,165,2
427,313,1
427,316,1
427,407,1
427,652,2
428,87,8
428,93,4
428,455,1
428,644,5
429,21,94
429,176,1
430,130,3
430,443,2
431,83,1
431,120,2
431,171,1
431,172,4
431,235,6
431,282,1
431,285,1
431,299,4
431,527,1
432,165,2
432,249,1
432,254,1
432,279,1
433,99,2
433,232,9
433,249,3
433,276,1
433,375,1
433,409,2
433,443,1
435,75,1
435,184,1
436,7,1
436,75,1
436,124,2
436,126,1
436,415,1
437,5,1
437,19,1
437,106,2
437,107,1
437,130,4
437,171,2
437,209,1
437,250,1
437,259,1
437,262,1
437,268,5
437,320,1
437,321,1
437,350,1
438,130,2
439,60,1
440,32,1
440,75,1
440,164,8
440,195,1
440,230,4
440,254,1
441,2,1
441,3,1
441,20,7
441,89,1
441,153,25
441,212,1
441,298,1
441,357,5
441,498,4
442,72,9
442,212,1
442,323,4
442,411,2
442,521,1
443,31,1
443,106,1
443,275,1
443,433,1
444,15,24
444,24,51
444,26,9
444,68,24
444,76,10
444,87,67
444,135,41
444,170,43
444,197,66
444,222,23
444,370,58
444,569,60
445,95,1
445,138,5
445,244,2
445,297,5
445,303,5
445,387,6
445,489,2
447,10,1
447,53,1
447,82,1
447,99,1
447,128,1
447,154,2
447,186,1
447,202,1
447,232,1
447,248,1
447,276,1
447,307,1
447,322,1
447,330,4
447,384,1
447,433,1
447,480,1
447,485,1
447,604,1
448,103,1
448,132,1
449,179,1
449,197,1
449,268,1
449,336,1
450,120,1
450,190,1
450,382,1
451,283,1
451,409,2
452,45,1
452,150,1
452,586,1
453,102,2
454,74,1
454,75,1
454,89,1
454,347,1
454,413,1
454,486,2
455,47,2
455,65,2
455,71,2
455,75,1
455,93,5
455,155,1
455,218,2
455,240,2
455,428,2
455,471,1
455,612,2
455,726,2
456,97,1
456,100,1
456,124,2
456,142,1
456,184,2
456,285,1
456,347,1
458,116,1
459,55,2
459,103,2
459,145,2
459,215,2
460,31,15
460,60,2
460,333,5
461,45,6
461,610,6
462,89,1
462,120,1
462,216,1
462,248,1
462,249,1
463,14,1
463,19,1
463,44,1
463,67,14
463,171,1
463,176,1
463,287,18
463,289,1
463,312,1
463,432,1
463,470,15
463,472,2
463,480,1
463,503,1
463,505,14
463,757,16
466,42,1
468,41,2
468,42,7
469,39,1
469,108,1
469,402,4
470,279,4
470,463,1
471,65,3
471,191,1
471,644,1
472,19,1
472,20,2
472,67,5
472,75,1
472,134,1
472,195,1
472,463,1
472,470,1
472,580,2
474,65,1
474,190,1
474,216,1
474,233,4
474,239,1
474,259,4
474,324,5
474,380,1
474,477,8
474,501,2
474,540,5
474,589,5
475,40,3
475,48,2
475,138,2
475,303,1
475,489,2
475,519,3
476,16,21
476,40,2
476,116,2
476,159,2
476,208,5
476,244,2
476,304,4
477,19,1
477,474,7
477,501,1
478,88,1
478,324,1
479,201,6
479,244,1
479,259,2
479,446,1
479,636,2
480,78,1
480,99,1
480,100,1
480,128,2
480,171,2
481,2,9
481,73,3
481,166,2
481,173,3
481,193,8
481,213,2
481,658,4
483,176,2
484,46,2
484,103,2
484,169,3
484,185,2
484,279,2
484,337,2
486,70,1
486,211,1
486,362,1
486,454,2
488,20,2
488,138,10
488,153,2
488,200,4
488,205,1
488,281,2
488,303,2
488,327,10
488,519,1
488,581,1
489,18,1
489,40,1
489,66,1
489,88,1
489,95,1
489,138,3
489,155,1
489,159,1
489,200,1
489,205,1
489,208,1
489,245,1
489,255,1
489,268,1
489,281,1
489,290,1
489,297,1
489,303,1
489,304,1
489,327,1
489,371,1
489,387,1
489,394,1
489,417,2
489,445,3
489,475,3
489,476,1
489,488,1
489,491,1
489,519,1
489,594,1
489,818,1
489,836,1
492,117,2
493,5,2
493,6,3
493,49,2
493,72,3
493,81,8
493,83,8
493,126,3
493,172,6
493,181,1
493,198,1
493,211,5
493,235,3
493,254,6
493,291,2
493,323,1
493,340,2
493,430,1
493,611,2
493,868,4
494,96,1
495,309,1
497,406,6
498,3,1
498,20,1
498,289,2
499,137,1
499,161,1
499,177,1
499,215,1
499,559,1
501,474,1
501,477,1
503,76,1
503,165,2
503,664,2
504,32,1
504,184,1
504,227,11
504,312,2
504,648,1
505,67,1
505,110,1
505,134,2
505,154,1
505,216,2
505,218,1
505,225,1
505,263,1
506,8,1
506,54,2
506,106,1
506,308,1
507,93,2
507,331,3
508,4,1
508,224,3
508,264,1
508,332,3
508,396,1
508,535,1
508,571,1
508,598,1
509,225,1
510,61,3
510,195,3
511,31,1
511,60,1
511,97,1
511,118,1
511,123,7
511,312,1
511,333,1
511,421,3
511,426,2
511,460,1
511,600,2
512,44,1
512,289,4
513,709,2
514,76,1
515,15,1
515,266,3
516,31,1
516,60,1
516,333,1
516,405,1
517,60,1
517,95,1
517,123,1
517,160,1
517,192,3
517,220,1
517,590,2
519,138,1
519,303,2
519,394,1
519,417,1
519,475,1
520,208,1
520,299,3
520,353,3
520,655,1
521,332,1
521,411,1
521,442,1
522,30,2
522,282,3
523,27,1
523,54,1
523,106,7
523,114,1
523,119,2
523,189,1
523,230,1
523,262,1
523,263,4
523,337,1
523,410,4
523,548,2
523,645,1
523,825,3
524,30,4
525,231,2
527,89,7
527,235,1
527,253,1
527,259,1
527,299,2
527,325,1
527,380,1
527,827,2
528,55,5
528,58,3
528,141,2
528,166,2
528,174,2
528,215,1
528,349,1
528,709,1
529,176,1
532,9,1
532,34,1
532,91,1
532,119,1
532,121,1
532,137,1
532,204,1
532,247,1
532,296,1
532,443,1
532,457,1
532,548,1
532,808,1
532,829,1
532,832,1
534,202,1
535,60,1
536,97,2
536,131,2
537,5,3
538,117,1
540,380,1
541,333,1
543,143,1
543,160,3
545,84,1
545,221,2
548,8,1
548,27,1
548,54,1
548,106,9
548,114,1
548,189,1
548,263,2
548,337,1
548,410,1
548,523,2
548,645,1
549,48,2
549,79,1
549,87,1
549,116,1
549,231,2
550,150,2
551,150,2
552,690,1
555,272,4
556,34,1
557,103,1
557,145,2
558,181,1
558,396,3
559,75,1
559,499,1
561,150,4
566,152,2
567,2,1
567,97,9
567,293,2
567,637,1
571,60,1
571,332,1
571,460,1
571,585,1
571,598,1
573,34,11
573,260,2
573,528,1
575,316,1
578,75,2
578,289,2
580,67,1
580,75,1
580,340,1
580,397,1
580,472,2
584,19,1
584,72,1
585,136,2
585,160,1
589,89,1
589,474,2
590,60,1
590,95,1
590,123,8
590,160,2
590,192,14
590,220,1
590,420,2
590,517,3
590,916,2
592,313,1
594,297,1
595,443,9
595,829,1
596,291,1
597,176,1
597,180,1
597,223,1
597,336,1
598,264,47
598,306,45
598,535,45
598,571,1
598,600,20
600,246,1
600,450,1
602,169,2
602,185,1
602,362,1
603,54,1
603,182,1
603,381,1
603,410,1
603,548,1
604,128,2
605,693,8
609,7,2
613,399,1
614,227,1
614,347,1
614,456,1
617,32,1
618,60,1
620,273,2
624,143,1
624,927,1
628,640,1
632,171,1
636,201,1
636,316,2
636,652,1
636,827,2
637,2,6
637,17,2
637,52,1
637,55,4
637,73,4
637,97,4
637,131,1
637,146,15
637,166,1
637,174,2
637,198,2
637,209,5
637,293,2
637,343,2
637,349,1
637,385,1
637,567,3
637,591,2
638,60,1
639,299,1
642,89,1
642,127,1
642,216,1
642,244,1
642,260,1
642,325,1
642,345,1
642,361,1
642,373,1
642,380,1
642,403,1
642,423,1
642,462,1
642,546,1
642,575,1
642,589,1
642,607,1
642,616,1
642,619,1
642,678,1
642,690,1
644,16,1
644,428,3
645,27,2
645,158,1
646,37,1
646,58,19
646,215,1
646,243,1
646,355,1
646,528,1
646,591,1
646,709,4
647,227,1
647,303,2
647,309,2
647,551,2
648,19,1
648,143,1
648,504,1
649,35,1
649,38,1
649,131,1
649,146,1
651,43,1
652,19,1
652,32,1
652,41,19
652,79,19
652,81,1
652,134,1
652,158,3
652,169,1
652,179,1
652,181,1
652,187,2
652,201,18
652,214,21
652,221,1
652,239,3
652,247,3
652,268,1
652,270,19
652,289,1
652,310,20
652,313,39
652,316,23
652,328,19
652,330,1
652,334,19
652,342,1
652,360,19
652,367,20
652,393,3
652,427,20
652,437,1
652,446,18
652,479,19
652,605,18
652,636,21
652,674,1
652,677,16
652,828,20
652,915,1
655,299,1
655,353,5
655,427,1
658,2,5
658,73,1
658,166,1
658,213,1
658,481,4
659,325,1
660,312,1
662,469,1
664,91,2
664,111,3
664,168,1
664,204,6
664,230,1
664,340,11
667,181,1
671,2,10
671,73,4
671,166,1
671,174,1
671,193,1
674,14,1
674,53,1
674,232,2
674,410,1
674,652,1
674,693,1
675,224,2
675,306,6
688,73,2
688,174,1
690,552,1
691,741,1
691,852,2
691,862,1
692,9,1
692,34,1
692,91,1
692,119,1
692,121,1
692,137,1
692,204,1
692,247,1
692,296,2
692,347,1
692,443,1
692,457,1
692,808,1
692,829,1
692,832,1
693,14,1
693,43,2
693,162,1
693,279,2
693,605,10
694,42,1
695,406,6
696,2,1
696,97,1
696,103,1
696,146,1
696,174,1
696,212,1
696,217,1
696,591,1
696,701,1
697,3,1
698,41,1
699,105,3
700,150,2
701,404,1
702,106,1
703,425,1
703,537,1
703,935,1
704,333,1
704,511,1
705,327,1
706,215,1
707,118,1
