"","1","2","3","4","5","6","7","8","9","10","11","12","13","14","15","16","17","18","19","20","21","22","23","24","25","26","27","28","29","30","31","32","33","34","35","36","37","38","39","40"
"1",0.75,0.641666666666667,0.517261904761905,0.457242063492063,0.277755982443482,0.235093845372591,0.217575856654231,0.184925318910038,0.200962289077043,0.160609289506972,0.21269297761722,0.141905726394492,0.11914312467832,0.119226322394954,0.10875112530259,0.120628491147025,0.128081206812314,0.100081134539029,0.105337703390192,0.0970965481466746,0.158054486165785,0.0938870263550596,0.10797681645784,0.158054486165785,0.12022392058489,0.0877100979058418,0.0861211141303326,0.0826113703455542,0.0772726130408343,0.0984074730939132,0.0776536249643857,0.0770482510798633,0.0762727674457897,0.0773972437430569,0.0856475152522034,0.075937505863471,0.0790995553664187,0.075937505863471,0.0776536249643857,0.0767042827423632
"2",1,0.55952380952381,0.4875,0.423051948051948,0.342228835978836,0.263138332658037,0.29469301862159,0.182023130410583,0.179098919042528,0.142348987257122,0.210530254861056,0.25194676970539,0.239367000979904,0.128598661511776,0.132805259642618,0.234890291989595,0.132291212847554,0.103382982215145,0.0890518774603337,0.10435746404217,0.113468128963242,0.104867785561396,0.091128778948399,0.116369062902012,0.121437964132658,0.0799066758025368,0.0809314248768299,0.085925882450859,0.0835639692365772,0.0791568496577983,0.0802434488070076,0.0799544019979195,0.0785955221914477,0.0772726130408343,0.075937505863471,0.075937505863471,0.0807520934649355,0.075937505863471,0.075937505863471,0.075937505863471
"3",0.833333333333333,0.55952380952381,0.416666666666667,0.517261904761905,0.302940246146768,0.27798847690152,0.228811028543649,0.184314574525762,0.16232618170435,0.206988322674597,0.299314004708742,0.144025359431522,0.228647809471673,0.134667573974834,0.117809027568648,0.133413560147984,0.10170916804565,0.0943019574376642,0.09951546265729,0.174883369070949,0.118573370228144,0.0961059811421237,0.121437964132658,0.0951758410351878,0.0825993558664758,0.127720364666987,0.0940636662833126,0.094795938115801,0.0826113703455542,0.0865470888696048,0.0791568496577983,0.0816447040971241,0.0971271760833895,0.0984074730939132,0.0762727674457897,0.075937505863471,0.08058642590676,0.075937505863471,0.0851905706598441,0.0790995553664187
"4",0.833333333333333,0.575396825396825,0.605555555555556,0.446336996336996,0.379187016687017,0.273708754208754,0.362926587301587,0.214182226249534,0.159984152358006,0.219721460788534,0.203099966727786,0.164036357891368,0.122062064222577,0.121867966940751,0.108699504388886,0.140638086051202,0.112401626977463,0.117973115616296,0.102467283175394,0.0883245789090897,0.148787428580124,0.0915577704129296,0.104293361585211,0.0851905706598441,0.0892612096116285,0.0952329492841412,0.0839081733727727,0.0940636662833126,0.0816601690297481,0.0899830769226157,0.0851905706598441,0.0926760345315805,0.0827574556168169,0.0791568496577983,0.0851905706598441,0.0796998062107336,0.0813662364964566,0.075937505863471,0.0851905706598441,0.0785955221914477
"5",0.833333333333333,0.55952380952381,0.4875,0.391529304029304,0.290503968253968,0.530952380952381,0.245792743411791,0.219700360580463,0.155204497108692,0.299314004708742,0.189971191948746,0.142037064591137,0.126545042234725,0.231880404541695,0.108401314513236,0.152750491342276,0.118594759967487,0.152366959242907,0.158054486165785,0.0944779313565666,0.0873871683493945,0.103819322038469,0.0872523957914541,0.10797681645784,0.0830947402940741,0.0911694527604872,0.0971218321303824,0.0809342885122598,0.0822755338043135,0.0767603986776168,0.0773972437430569,0.0840320324868275,0.0866612081209927,0.0762727674457897,0.0865470888696048,0.0851905706598441,0.0767042827423632,0.0780331129105715,0.075937505863471,0.075937505863471
"6",0.833333333333333,0.641666666666667,0.58,0.375303454715219,0.400571188071188,0.530952380952381,0.250782748997035,0.247677547320404,0.200417228066668,0.183880491016896,0.172847411768658,0.124392669909997,0.1454152779331,0.188614965597063,0.10896670886705,0.104274464103212,0.109991756851779,0.0968715222390535,0.200020360918946,0.112864721225737,0.0989197186855054,0.0980755840834468,0.0878858760542621,0.0829671476412019,0.0903926748166982,0.0816367156362659,0.0927021158047189,0.078961816608219,0.0807520934649355,0.0843994903691077,0.0809314248768299,0.0971271760833895,0.075937505863471,0.0804413824424115,0.075937505863471,0.075937505863471,0.0798914150613763,0.0807520934649355,0.089457191636198,0.075937505863471
"7",0.833333333333333,0.55952380952381,0.4875,0.353115079365079,0.47526455026455,0.313680691131672,0.196837126384985,0.225030502560867,0.348869047619048,0.208027685441914,0.210207199177787,0.22644484273896,0.118556271537314,0.147959640312311,0.148515228271595,0.13496945462089,0.131769368649438,0.108417075022258,0.200020360918946,0.103819322038469,0.095944443881054,0.11545652612886,0.0904338588073849,0.104867785561396,0.0889958476491273,0.0876990909905212,0.078961816608219,0.0880193505936493,0.0826444573958166,0.091128778948399,0.0760758243553763,0.0773972437430569,0.0780086410884616,0.0807520934649355,0.075937505863471,0.075937505863471,0.075937505863471,0.0791568496577983,0.0767603986776168,0.075937505863471
"8",0.833333333333333,0.520833333333333,0.416666666666667,0.457242063492063,0.283835300501967,0.257886594592944,0.240667213678577,0.237446363000798,0.186527520732314,0.328393175451999,0.186057870689078,0.275725150453411,0.242932533622189,0.136325072279504,0.177994796352485,0.158054486165785,0.172761065213695,0.0981068114410268,0.127720364666987,0.0973842406192045,0.108003673514307,0.124339968102285,0.0884676507512104,0.0899830769226157,0.0865774084280902,0.0844227509525905,0.0837027877531767,0.0882385353327451,0.0817486509649833,0.0778235046106354,0.0866612081209927,0.0866055520254469,0.0792015678322236,0.0776536249643857,0.0827574556168169,0.075937505863471,0.0807520934649355,0.0780331129105715,0.075937505863471,0.075937505863471
"9",1,0.641666666666667,0.454444444444444,0.421601731601732,0.292594030365769,0.400721500721501,0.246126931816587,0.212493893106138,0.261434181203412,0.153791060856285,0.150154204082416,0.143636039197023,0.128642137826215,0.178555609204618,0.108029538271141,0.107154299736232,0.188337295204497,0.101421061831473,0.133413560147984,0.105342212935439,0.0940636662833126,0.0891980272918226,0.112058811122113,0.103751617098484,0.0940636662833126,0.103819322038469,0.0911433097502757,0.0796358444238143,0.0851905706598441,0.0866612081209927,0.0791568496577983,0.0845717762813279,0.0866055520254469,0.075937505863471,0.0884676507512104,0.0792015678322236,0.075937505863471,0.0827574556168169,0.075937505863471,0.075937505863471
"10",0.7,0.55952380952381,0.41007326007326,0.404617604617605,0.340188492063492,0.288971162785392,0.240330918029782,0.261434181203412,0.228647809471673,0.164310010386565,0.204367519102213,0.178276235924217,0.144113070635375,0.172761065213695,0.11731364470549,0.136156282845464,0.210207199177787,0.141620613747408,0.0977141894617049,0.0884325815185436,0.0954335498753986,0.104446395566699,0.0942120036440307,0.0865774084280902,0.0811785775915593,0.121437964132658,0.0834118028584904,0.084808962000293,0.0795288876009484,0.0796184227181771,0.0834118028584904,0.0762727674457897,0.0780331129105715,0.0795288876009484,0.075937505863471,0.075937505863471,0.0773972437430569,0.075937505863471,0.075937505863471,0.075937505863471
"11",1,0.6,0.441452991452991,0.337291280148423,0.332306255835668,0.261272145221725,0.214032903660563,0.191368515885636,0.167064299483352,0.144293761951257,0.299314004708742,0.134384122255395,0.122903349594173,0.119977197675287,0.249192086798924,0.158879978171406,0.107154299736232,0.140499339098847,0.112864721225737,0.0930497261927951,0.100919890913618,0.0833417424829382,0.100634889048013,0.0826444573958166,0.083910398409533,0.0843446135463943,0.0817486509649833,0.0855864562620914,0.0769030828714337,0.0763233817223529,0.0809103117091953,0.0814779263985081,0.0851905706598441,0.0767042827423632,0.075937505863471,0.0984074730939132,0.075937505863471,0.0767603986776168,0.075937505863471,0.075937505863471
"12",0.833333333333333,0.55952380952381,0.458148148148148,0.408928571428571,0.324198568316215,0.297864357864358,0.245110866145349,0.165436520061988,0.193616083279631,0.151178294819153,0.231880404541695,0.231880404541695,0.17219257431796,0.145686780755048,0.137380060325163,0.114762042204105,0.118594759967487,0.129849537434862,0.0918370533012123,0.101075934031284,0.104711041751907,0.0841958984687176,0.0851905706598441,0.0831212326578507,0.101075934031284,0.0971218321303824,0.0839951572916726,0.0917614105025445,0.08058642590676,0.104867785561396,0.0832899403783213,0.0977141894617049,0.0773972437430569,0.0866612081209927,0.0827574556168169,0.0791568496577983,0.0762727674457897,0.0781334723388307,0.075937505863471,0.075937505863471
"13",0.833333333333333,0.55952380952381,0.480555555555556,0.58,0.251308321308321,0.248515712682379,0.199274004389094,0.179162420229577,0.348869047619048,0.150452705456302,0.265865382480767,0.299314004708742,0.118001156780604,0.214235200730505,0.133123352078266,0.192307448973555,0.149160624890654,0.101473809348525,0.0935898745505189,0.136579407905309,0.12022392058489,0.0902376749428245,0.0877388132202346,0.0812802016168485,0.0922525634395141,0.0905274042562756,0.091128778948399,0.0810522207866152,0.0789379201663107,0.0814779263985081,0.0866055520254469,0.0816482201351442,0.0776536249643857,0.0790995553664187,0.0762727674457897,0.075937505863471,0.075937505863471,0.0780331129105715,0.075937505863471,0.075937505863471
"14",0.7,0.505555555555556,0.408058608058608,0.324556776556777,0.364590964590965,0.204674416492598,0.266689608157862,0.19127640647827,0.165033178076122,0.143875260922962,0.137970510764142,0.188500817857251,0.133791863043227,0.117961558980406,0.121685346965435,0.117953554153751,0.0963566117693725,0.101821578268034,0.103819322038469,0.0976549569856624,0.093238200273612,0.0864175428417542,0.0867694360991355,0.0812581522249412,0.112058811122113,0.0887281543622412,0.0820733219801902,0.0861211141303326,0.0790995553664187,0.0853926158752532,0.0773972437430569,0.0763233817223529,0.0806481258941834,0.0804413824424115,0.075937505863471,0.0791568496577983,0.075937505863471,0.08058642590676,0.075937505863471,0.075937505863471
"15",0.833333333333333,0.666666666666667,0.474848484848485,0.401694139194139,0.323029796714007,0.210159417302274,0.319885833121127,0.358949357520786,0.170202416388078,0.218622545722513,0.200733619553839,0.172355920518412,0.130383760869373,0.152750491342276,0.192307448973555,0.172761065213695,0.120628491147025,0.0986643862276708,0.128294270978948,0.164036357891368,0.104679698271209,0.100236430871924,0.100634889048013,0.090108045498713,0.103819322038469,0.08058642590676,0.0798914150613763,0.100634889048013,0.103819322038469,0.0977141894617049,0.0774295037633919,0.0776536249643857,0.0876680991727028,0.0820302178767376,0.0820302178767376,0.083910398409533,0.075937505863471,0.075937505863471,0.075937505863471,0.0772726130408343
"16",0.833333333333333,0.505555555555556,0.392156862745098,0.422683982683983,0.517261904761905,0.530952380952381,0.219700360580463,0.213801966920416,0.163779170623695,0.171736571641704,0.13127928347821,0.175002948113336,0.117283103627284,0.125860897996606,0.103851412755457,0.10739114861144,0.152750491342276,0.148787428580124,0.0903039917173372,0.0967451420641895,0.0926760345315805,0.103073834383247,0.0941970615432992,0.0853197621722986,0.092889063454075,0.0809314248768299,0.0814779263985081,0.0806481258941834,0.0977141894617049,0.0795288876009484,0.0810154854808464,0.0763233817223529,0.104293361585211,0.0851905706598441,0.075937505863471,0.0813662364964566,0.0802434488070076,0.0802434488070076,0.075937505863471,0.075937505863471
"17",0.833333333333333,0.575396825396825,0.641666666666667,0.429177489177489,0.354508692365835,0.312671297475219,0.225315706186152,0.176719605487548,0.155560400216734,0.209634720818931,0.14031543201174,0.183585572826332,0.136228457708286,0.175963088616565,0.135448510311566,0.128294270978948,0.10001916339719,0.0981068114410268,0.148515228271595,0.132256476790272,0.0840678582555912,0.0927374630111259,0.125036184467452,0.0877716202225457,0.0904777737584065,0.136579407905309,0.107904335258782,0.0834118028584904,0.083910398409533,0.0929207230278698,0.0785931564814566,0.11545652612886,0.0762727674457897,0.0813662364964566,0.0813662364964566,0.0763233817223529,0.075937505863471,0.0810861186106657,0.0813662364964566,0.075937505863471
"18",0.75,0.6,0.530952380952381,0.375303454715219,0.305500965818426,0.278155638827576,0.207559269745126,0.178907390740952,0.182700912514348,0.142473679737575,0.265865382480767,0.151093998701094,0.124748230354191,0.183738949432495,0.183738949432495,0.100605574762486,0.105996902458702,0.0948599627426772,0.0973842406192045,0.100721761339322,0.101075934031284,0.0984074730939132,0.0825601811330885,0.0970221666225101,0.127720364666987,0.088923947867217,0.0887974292208885,0.0929207230278698,0.0780331129105715,0.101408954414173,0.0827574556168169,0.0814448040026697,0.0773972437430569,0.0781334723388307,0.075937505863471,0.0802434488070076,0.0791568496577983,0.075937505863471,0.0820302178767376,0.075937505863471
"19",0.666666666666667,0.563492063492063,0.503571428571429,0.408928571428571,0.285928336851982,0.448941798941799,0.268337404799855,0.314566508864755,0.218117352598777,0.146168617808901,0.187179353448078,0.128001428060649,0.183738949432495,0.152553177759262,0.106031762416371,0.11731364470549,0.177667251718201,0.0995139249395045,0.121862843114456,0.0943324709155199,0.0941970615432992,0.100074998955337,0.116369062902012,0.091128778948399,0.143840457784894,0.083006590600713,0.0899479909459234,0.0866612081209927,0.0820454958300597,0.121437964132658,0.083910398409533,0.0770482510798633,0.0795288876009484,0.0763233817223529,0.0767603986776168,0.0763233817223529,0.075937505863471,0.08058642590676,0.075937505863471,0.075937505863471
"20",0.833333333333333,0.641666666666667,0.503571428571429,0.46765873015873,0.342795868347339,0.480555555555556,0.253309102713865,0.167124351148228,0.176304602266871,0.171736571641704,0.290649119399119,0.282480374363491,0.14970790938854,0.11321396855581,0.140499339098847,0.112864721225737,0.112806566550956,0.164036357891368,0.111659275710364,0.0950430586105172,0.095738069242473,0.0947106951754782,0.0954623813533547,0.0843413530415106,0.08118221807566,0.0811785775915593,0.0847845234215309,0.0792015678322236,0.0814779263985081,0.0796998062107336,0.0782028926872603,0.0781769844480082,0.0977141894617049,0.075937505863471,0.0780331129105715,0.075937505863471,0.083910398409533,0.0820302178767376,0.0820302178767376,0.0795288876009484
"21",0.833333333333333,0.516203703703704,0.38202614379085,0.58,0.296885521885522,0.28652355340667,0.241209765675006,0.193037922156775,0.155892509694959,0.166063208864452,0.158813222694614,0.169085963261644,0.147591002778016,0.188614965597063,0.137380060325163,0.192307448973555,0.103564254871164,0.094638446660412,0.174883369070949,0.092200419211647,0.0936208120093439,0.0917614105025445,0.0872523957914541,0.0809019757809789,0.0874841380979112,0.0830947402940741,0.0971218321303824,0.0866055520254469,0.0977141894617049,0.0876680991727028,0.0790995553664187,0.0820302178767376,0.075937505863471,0.0771570922070115,0.0796998062107336,0.0767603986776168,0.075937505863471,0.075937505863471,0.0802434488070076,0.075937505863471
"22",0.75,0.641666666666667,0.477777777777778,0.340639589169001,0.289755077658303,0.204674416492598,0.238978855740219,0.201404518100947,0.169028167439561,0.155560400216734,0.17718840002056,0.183738949432495,0.123597625188014,0.225975088979121,0.133123352078266,0.104867785561396,0.105246621623949,0.0965112901817117,0.121368928949056,0.0977141894617049,0.102975817965192,0.0907405943635711,0.0897456359134789,0.0829671476412019,0.0827985684148475,0.0884442150730295,0.104867785561396,0.0810522207866152,0.083910398409533,0.0791568496577983,0.0806481258941834,0.0773972437430569,0.083910398409533,0.0820252066250941,0.0827574556168169,0.075937505863471,0.0792015678322236,0.075937505863471,0.075937505863471,0.075937505863471
"23",0.833333333333333,0.633333333333333,0.480555555555556,0.423051948051948,0.292594030365769,0.41050061050061,0.360166288737717,0.24928692954555,0.15860323851959,0.32280060172217,0.166433720036916,0.161474385092358,0.126393585343873,0.119226322394954,0.104393384106846,0.112615257402987,0.175002948113336,0.121740211356771,0.0916438054777063,0.0879018462464364,0.132302762760656,0.0874215000972551,0.0948083142651549,0.0869619083341638,0.10470528701205,0.0818562203989772,0.079832284481146,0.0820715215398013,0.0847048603364179,0.0831303836461179,0.0763233817223529,0.0813662364964566,0.0762727674457897,0.0917614105025445,0.0851905706598441,0.0802019495360379,0.0763233817223529,0.0865470888696048,0.075937505863471,0.075937505863471
"24",0.833333333333333,0.641666666666667,0.424242424242424,0.421601731601732,0.303953876236485,0.503571428571429,0.395573870573871,0.437301587301587,0.32280060172217,0.165779589027,0.248331364402793,0.122862136070936,0.131618963707733,0.11414306140176,0.115130955836071,0.132059488636817,0.103475064285279,0.0998837478209001,0.102467283175394,0.0977155409962668,0.110563958930454,0.088719351528807,0.0841714274745169,0.0866612081209927,0.0804191779254523,0.0899479909459234,0.0880879212661989,0.0794856515335009,0.0847845234215309,0.0776536249643857,0.075937505863471,0.075937505863471,0.0773972437430569,0.0827574556168169,0.0776536249643857,0.075937505863471,0.0791568496577983,0.075937505863471,0.0776536249643857,0.075937505863471
"25",0.75,0.574404761904762,0.483333333333333,0.553174603174603,0.403975468975469,0.429177489177489,0.207035250103432,0.358091458805745,0.183946947988044,0.162899536575836,0.134404698512064,0.145322893867605,0.139869337925007,0.141024397925859,0.134051406662413,0.112504417392035,0.158054486165785,0.119900139391294,0.094818912444321,0.149160624890654,0.0853396049017289,0.112058811122113,0.0880505932112166,0.143840457784894,0.103751617098484,0.0818192737355506,0.0899830769226157,0.0811023264132371,0.0836239132157453,0.0814328413759953,0.10814380852269,0.075937505863471,0.0772726130408343,0.0798914150613763,0.075937505863471,0.083910398409533,0.0820302178767376,0.0791568496577983,0.075937505863471,0.075937505863471
"26",0.833333333333333,0.6,0.439646464646465,0.379801151229723,0.286575577200577,0.312152099897198,0.201366880002084,0.299314004708742,0.292256985438804,0.168122887102724,0.131103349169805,0.128131724325458,0.14089892689723,0.157266852927436,0.111976308946763,0.12499396793804,0.158879978171406,0.10116699975082,0.111640530935371,0.134667573974834,0.0859470677017708,0.101231109906678,0.0889279509820149,0.125036184467452,0.083910398409533,0.0814328413759953,0.0865774084280902,0.0971218321303824,0.0785955221914477,0.082999264535449,0.0809342885122598,0.0889974419818018,0.0772726130408343,0.0762727674457897,0.0851905706598441,0.075937505863471,0.0767042827423632,0.083910398409533,0.075937505863471,0.075937505863471
"27",0.833333333333333,0.641666666666667,0.530952380952381,0.4875,0.388600288600289,0.295021176514683,0.26206135852875,0.171920280661731,0.290649119399119,0.167168565667684,0.136680879229571,0.177727912495714,0.125831622261151,0.116004816377302,0.132765540542672,0.152366959242907,0.10001916339719,0.101075934031284,0.0977155409962668,0.114830748437917,0.103073834383247,0.112058811122113,0.0973950954287354,0.0951758410351878,0.0934239828737646,0.0809314248768299,0.0892629263374992,0.103751617098484,0.0826113703455542,0.0762727674457897,0.0804413824424115,0.0802019495360379,0.0884676507512104,0.0804413824424115,0.0778025661403406,0.075937505863471,0.075937505863471,0.075937505863471,0.0781334723388307,0.0767603986776168
"28",0.833333333333333,0.444139194139194,0.42550505050505,0.401694139194139,0.298615216201423,0.261272145221725,0.224968311446299,0.186667750983646,0.175810506562901,0.162001127191796,0.209017956252062,0.181141716888219,0.118352808197027,0.116753404342504,0.199328146253037,0.103700297757922,0.105683264021959,0.124310188079403,0.090804128138812,0.0940636662833126,0.12022392058489,0.0866236433246295,0.126145271705391,0.107904335258782,0.0882385353327451,0.08058642590676,0.0857751668801953,0.0948083142651549,0.0841968687590479,0.0865470888696048,0.0807586481604829,0.0889974419818018,0.0917614105025445,0.0777631916964834,0.0851905706598441,0.075937505863471,0.0795288876009484,0.075937505863471,0.075937505863471,0.075937505863471
"29",0.833333333333333,0.641666666666667,0.480555555555556,0.373456305599163,0.280646825396825,0.395573870573871,0.287692478276894,0.262608398545899,0.191858155748686,0.181998088368155,0.135448510311566,0.136637698037753,0.170752488957827,0.210919251688482,0.108661412519643,0.10818322267906,0.0981901033927282,0.112864721225737,0.0902083907299474,0.101736740786519,0.112058811122113,0.0954623813533547,0.0973950954287354,0.103819322038469,0.0822680714738303,0.080785879430107,0.0817486509649833,0.0825527224297006,0.08236150418867,0.0773972437430569,0.0790995553664187,0.0767042827423632,0.075937505863471,0.0791568496577983,0.075937505863471,0.0884676507512104,0.075937505863471,0.075937505863471,0.0840320324868275,0.075937505863471
"30",0.833333333333333,0.575396825396825,0.480555555555556,0.457242063492063,0.361757369614512,0.30113172541744,0.299933003504432,0.242953534332845,0.258687221294059,0.216087398573539,0.202240920199361,0.274494281438726,0.121858443511599,0.136325072279504,0.200417228066668,0.158054486165785,0.13250869375519,0.158879978171406,0.101635998959146,0.092000134847831,0.0852024580706011,0.104867785561396,0.101525535865012,0.117018543368562,0.107904335258782,0.078961816608219,0.0977141894617049,0.08058642590676,0.0917614105025445,0.0850197665772182,0.0809342885122598,0.11545652612886,0.075937505863471,0.0844633893894214,0.0827574556168169,0.0773972437430569,0.0770482510798633,0.0780331129105715,0.0802434488070076,0.075937505863471
"31",0.833333333333333,0.55952380952381,0.451212121212121,0.370596988795518,0.396176046176046,0.251333631095536,0.436709956709957,0.170508426826382,0.156850336136432,0.183286831522126,0.254840494602399,0.143636039197023,0.114888166874851,0.15954423937662,0.1454152779331,0.104684535895041,0.136579407905309,0.0946424356588312,0.0963444686214494,0.101075934031284,0.133413560147984,0.136579407905309,0.0873622845797863,0.0831499316105323,0.0809019757809789,0.080966568447864,0.0977141894617049,0.0854479362785813,0.0847048603364179,0.0780331129105715,0.0772726130408343,0.075937505863471,0.0851905706598441,0.0790995553664187,0.0795288876009484,0.0773972437430569,0.075937505863471,0.0791568496577983,0.075937505863471,0.0820302178767376
"32",0.833333333333333,0.641666666666667,0.452121212121212,0.347018140589569,0.332306255835668,0.318886342415754,0.246094749267826,0.19127640647827,0.203946888941601,0.155004825383875,0.188491565298489,0.125512765091653,0.117953554153751,0.111950156506299,0.107555365358162,0.116753404342504,0.191331484340862,0.177667251718201,0.0901719965259564,0.12022392058489,0.0875533990406396,0.0960103310659155,0.0980755840834468,0.082230388106781,0.0824588426920899,0.08058642590676,0.082999264535449,0.0799544019979195,0.0929207230278698,0.0807586481604829,0.0813662364964566,0.0798914150613763,0.0810861186106657,0.075937505863471,0.08058642590676,0.075937505863471,0.0834118028584904,0.0773972437430569,0.0827574556168169,0.0767042827423632
"33",0.75,0.666666666666667,0.502222222222222,0.457242063492063,0.279832640126758,0.395573870573871,0.270964311453442,0.184335379127046,0.197419127713245,0.168122887102724,0.131103349169805,0.165425321600306,0.146031419704092,0.124441382232052,0.146695462329313,0.113169910958252,0.132256476790272,0.126335402634058,0.12840268786666,0.0910886191116055,0.0934902929303339,0.0897665905535902,0.0889279509820149,0.0924160229564151,0.0809342885122598,0.081908634588111,0.088719351528807,0.0836239132157453,0.0865774084280902,0.10814380852269,0.0802297568504053,0.0785955221914477,0.0767603986776168,0.0772726130408343,0.0763233817223529,0.0763233817223529,0.075937505863471,0.075937505863471,0.075937505863471,0.075937505863471
"34",0.833333333333333,0.563492063492063,0.521428571428571,0.457242063492063,0.363003663003663,0.25569460668667,0.192260866561566,0.403975468975469,0.179545853689689,0.220055164218927,0.137020725097037,0.144025359431522,0.135323144435791,0.117100276435608,0.126114270688105,0.112806566550956,0.104326982186584,0.0994520091786217,0.122092592650772,0.107698269373095,0.143840457784894,0.100236430871924,0.108807603340923,0.0960253674888237,0.0842924331044778,0.0825527224297006,0.0817486509649833,0.0806481258941834,0.0798914150613763,0.0762727674457897,0.0792015678322236,0.0802434488070076,0.0866055520254469,0.0889974419818018,0.075937505863471,0.075937505863471,0.0773972437430569,0.075937505863471,0.075937505863471,0.075937505863471
"35",0.833333333333333,0.641666666666667,0.722222222222222,0.306043713781809,0.342228835978836,0.263167606363171,0.227283417066026,0.223748968118716,0.206478667613121,0.212907910042462,0.200417228066668,0.21269297761722,0.16895119118159,0.112401626977463,0.122709611715305,0.156641436096115,0.104867785561396,0.118573370228144,0.104679698271209,0.0906197680143754,0.100634889048013,0.0991645321883333,0.0989171414885146,0.104867785561396,0.112058811122113,0.0977141894617049,0.0794563582307736,0.101075934031284,0.11545652612886,0.0940636662833126,0.0781334723388307,0.0781334723388307,0.0767042827423632,0.0940636662833126,0.0795288876009484,0.0767042827423632,0.075937505863471,0.075937505863471,0.075937505863471,0.075937505863471
"36",0.833333333333333,0.641666666666667,0.530952380952381,0.349859943977591,0.321552219921785,0.241072475283002,0.271635479145361,0.457242063492063,0.191328115148268,0.182532214488871,0.138793780101718,0.14165598285194,0.225975088979121,0.231818554621585,0.13638319640702,0.124623015381064,0.125004287546137,0.097208849026024,0.100382050471832,0.091622827375306,0.0939161450626815,0.0960253674888237,0.0858253799446871,0.083263111426913,0.085236483920855,0.0865774084280902,0.0878107200094172,0.0795295054874583,0.0866055520254469,0.0889974419818018,0.075937505863471,0.0781769844480082,0.0802019495360379,0.0802019495360379,0.089457191636198,0.075937505863471,0.0772726130408343,0.0790995553664187,0.0806481258941834,0.075937505863471
"37",0.75,0.6,0.480555555555556,0.641666666666667,0.367094017094017,0.195795812835455,0.220285012445291,0.17502210396046,0.192978976395125,0.173606035942306,0.13070566438142,0.167840366825164,0.11875538238781,0.158879978171406,0.133123352078266,0.111955672292666,0.200020360918946,0.0970386170265129,0.158054486165785,0.103819322038469,0.0934640251873869,0.0883902905533279,0.0961059811421237,0.0957823389966373,0.0903540003759647,0.0819895289327858,0.0851905706598441,0.0854479362785813,0.0866055520254469,0.0807520934649355,0.0791568496577983,0.075937505863471,0.0780331129105715,0.0767603986776168,0.075937505863471,0.0781769844480082,0.075937505863471,0.075937505863471,0.0762727674457897,0.0826113703455542
"38",0.833333333333333,0.55952380952381,0.641666666666667,0.457242063492063,0.298376623376623,0.448941798941799,0.358949357520786,0.2018620695332,0.15802291502716,0.189543249774245,0.239367000979904,0.125136883986464,0.122320549032208,0.110573743428152,0.114630047382321,0.209017956252062,0.101348549080063,0.118573370228144,0.0901719965259564,0.104684535895041,0.0852024580706011,0.0874215000972551,0.0935898745505189,0.0961059811421237,0.0851905706598441,0.080785879430107,0.11545652612886,0.0839833384200579,0.0870388678496854,0.0798914150613763,0.0780331129105715,0.0798914150613763,0.101408954414173,0.0917614105025445,0.083910398409533,0.094795938115801,0.075937505863471,0.0767042827423632,0.075937505863471,0.075937505863471
"39",0.75,0.722222222222222,0.477777777777778,0.444312169312169,0.376836589336589,0.364319727891156,0.437301587301587,0.32280060172217,0.258687221294059,0.135839966671826,0.231880404541695,0.209634720818931,0.122415014821727,0.229978253526641,0.138595426193399,0.132302762760656,0.174883369070949,0.128713806571986,0.105578733960264,0.0938882109679242,0.0917614105025445,0.0977141894617049,0.0918855898575715,0.0847845234215309,0.0820715215398013,0.083006590600713,0.0810154854808464,0.0791568496577983,0.0800738916167412,0.0940636662833126,0.0772726130408343,0.0781769844480082,0.0767042827423632,0.0820302178767376,0.075937505863471,0.075937505863471,0.075937505863471,0.075937505863471,0.075937505863471,0.0791568496577983
"40",0.75,0.55952380952381,0.503571428571429,0.401694139194139,0.403975468975469,0.258031455006245,0.182084718988322,0.241931870811181,0.188070657094522,0.224617566967249,0.209634720818931,0.147798352157206,0.196247810762959,0.119878528227864,0.140499339098847,0.106293034743193,0.136336352527109,0.0973950954287354,0.112201080640741,0.0903738329381941,0.100958539623238,0.0874215000972551,0.0873622845797863,0.0917614105025445,0.0874215000972551,0.0895051667649965,0.0817486509649833,0.0929207230278698,0.0917614105025445,0.0899830769226157,0.0830947402940741,0.0796184227181771,0.08236150418867,0.0780331129105715,0.0827574556168169,0.0762727674457897,0.075937505863471,0.075937505863471,0.0772726130408343,0.0826113703455542
"41",0.833333333333333,0.539351851851852,0.441212121212121,0.391529304029304,0.436709956709957,0.250378254750176,0.348869047619048,0.284195569472249,0.174935901642691,0.204876997828126,0.131103349169805,0.14184733923797,0.158054486165785,0.187179353448078,0.154197427659285,0.206988322674597,0.0965381801396597,0.101421061831473,0.104693881221054,0.109674929835027,0.0925155035899243,0.100074998955337,0.0889205863372633,0.118573370228144,0.101075934031284,0.10797681645784,0.0857475805271186,0.0899830769226157,0.0781769844480082,0.0772726130408343,0.0826113703455542,0.0792554444644711,0.0866612081209927,0.0795288876009484,0.0899830769226157,0.0851905706598441,0.0814779263985081,0.075937505863471,0.075937505863471,0.0834118028584904
"42",0.833333333333333,0.641666666666667,0.503571428571429,0.480555555555556,0.300475249388293,0.248859531273324,0.25393891578507,0.189514909221542,0.191331484340862,0.169331365753956,0.271202056799883,0.13978257097847,0.156385934541015,0.142917536362177,0.108807603340923,0.167840366825164,0.104700416599655,0.148620362469486,0.118573370228144,0.132302762760656,0.0932001618585025,0.0899949857585311,0.0887695398354214,0.083263111426913,0.103073834383247,0.0809314248768299,0.085925882450859,0.0843994903691077,0.0785931564814566,0.0791568496577983,0.0780331129105715,0.0802434488070076,0.0769030828714337,0.0804413824424115,0.0762727674457897,0.075937505863471,0.0827574556168169,0.075937505863471,0.075937505863471,0.0876680991727028
"43",0.75,0.563492063492063,0.477777777777778,0.457242063492063,0.270941558441558,0.276551637662749,0.276229746684292,0.206756307639564,0.192758037093701,0.303390022675737,0.203099966727786,0.147292594480834,0.12022392058489,0.117426539295425,0.117547630629727,0.119536965676425,0.141620613747408,0.098555457437979,0.101075934031284,0.0898246281465117,0.0989171414885146,0.0927743503361881,0.0890531084767867,0.0851520280978543,0.0904338588073849,0.0865774084280902,0.0827574556168169,0.0853454040908439,0.0841968687590479,0.104293361585211,0.0940636662833126,0.0790995553664187,0.0917614105025445,0.0763233817223529,0.0865470888696048,0.0820302178767376,0.0810861186106657,0.075937505863471,0.075937505863471,0.0802434488070076
"44",0.833333333333333,0.641666666666667,0.530952380952381,0.404148629148629,0.223642242531131,0.27334139009139,0.241025784251591,0.214182226249534,0.21266135604721,0.158531128797372,0.15543338071473,0.126393585343873,0.132421327040565,0.225975088979121,0.154674934450476,0.0989889237580272,0.121437964132658,0.152366959242907,0.0965485918572572,0.107698269373095,0.116369062902012,0.095944443881054,0.095738069242473,0.103819322038469,0.0834670713035262,0.0934654528661732,0.091128778948399,0.0940636662833126,0.0940636662833126,0.0816601690297481,0.0929207230278698,0.0944779313565666,0.091128778948399,0.0773972437430569,0.075937505863471,0.075937505863471,0.08058642590676,0.0807520934649355,0.0763233817223529,0.0762727674457897
"45",0.833333333333333,0.641666666666667,0.530952380952381,0.360137844611529,0.503571428571429,0.283888888888889,0.277198931419711,0.178907390740952,0.231880404541695,0.191944065787066,0.152234799119617,0.121416449390683,0.146031419704092,0.137380060325163,0.228647809471673,0.118202527411567,0.0972895548422419,0.178555609204618,0.106887539034098,0.174883369070949,0.174883369070949,0.132302762760656,0.083444717796025,0.0935983545365183,0.083077142106242,0.0875246141172706,0.083910398409533,0.0864340128087814,0.0814779263985081,0.0807520934649355,0.0948083142651549,0.0767603986776168,0.0851905706598441,0.0763233817223529,0.0767042827423632,0.075937505863471,0.0767042827423632,0.0792015678322236,0.0813662364964566,0.075937505863471
"46",0.833333333333333,0.6,0.480555555555556,0.401694139194139,0.47526455026455,0.361757369614512,0.211628771121525,0.195051838140073,0.188070657094522,0.16122221807536,0.133272849188525,0.144025359431522,0.11893480460443,0.114638462925882,0.116329040098004,0.166361085616861,0.104700416599655,0.112401626977463,0.116873170692542,0.136579407905309,0.0956728652944424,0.112058811122113,0.118573370228144,0.0853197621722986,0.100097313350772,0.0907865109819347,0.0874936720969467,0.107904335258782,0.0817486509649833,0.08236150418867,0.083910398409533,0.0778235046106354,0.0851905706598441,0.0842294444116061,0.075937505863471,0.0776536249643857,0.0762727674457897,0.075937505863471,0.075937505863471,0.075937505863471
"47",0.833333333333333,0.641666666666667,0.605555555555556,0.346553884711779,0.511309523809524,0.348869047619048,0.292773311449201,0.169604566157401,0.282480374363491,0.319885833121127,0.132301064131505,0.183738949432495,0.118507859271704,0.12399346826875,0.141620613747408,0.133632726790201,0.109750517500502,0.1454152779331,0.158726729230143,0.152366959242907,0.134667573974834,0.101075934031284,0.0859665839725867,0.108807603340923,0.0977141894617049,0.0806303373440397,0.0795288876009484,0.0792015678322236,0.107904335258782,0.0839334665144405,0.083910398409533,0.08058642590676,0.0788823374314529,0.075937505863471,0.075937505863471,0.0790995553664187,0.0791568496577983,0.0813662364964566,0.075937505863471,0.075937505863471
"48",0.833333333333333,0.55952380952381,0.4875,0.363313103018985,0.281131592421915,0.257187106817649,0.241025784251591,0.267516712353669,0.191328115148268,0.156960159554099,0.258878173108942,0.142586832042305,0.188500817857251,0.142586832042305,0.156159586948801,0.104254449859143,0.101367492789523,0.0935898745505189,0.116753404342504,0.0997658995855713,0.0950934405530286,0.100074998955337,0.104867785561396,0.0957823389966373,0.0884676507512104,0.0842924331044778,0.0913257844057656,0.094795938115801,0.0834118028584904,0.0827574556168169,0.0809342885122598,0.0804191779254523,0.075937505863471,0.0798624620682827,0.0814779263985081,0.075937505863471,0.0792015678322236,0.075937505863471,0.075937505863471,0.075937505863471
"49",0.833333333333333,0.641666666666667,0.409401709401709,0.371746031746032,0.314731670445956,0.299314004708742,0.257781823910856,0.170964654883194,0.246017269033142,0.147290824256415,0.232731202249919,0.132660517906645,0.14499259395171,0.126145271705391,0.105997172301936,0.102670400374824,0.105246621623949,0.12840268786666,0.0890518774603337,0.136156282845464,0.0936391329829265,0.0970965481466746,0.0866055520254469,0.0883014383837247,0.0842603109502647,0.104293361585211,0.0802434488070076,0.112058811122113,0.0940636662833126,0.0827574556168169,0.0851905706598441,0.075937505863471,0.0781769844480082,0.0781769844480082,0.0795288876009484,0.0791568496577983,0.075937505863471,0.0776536249643857,0.075937505863471,0.075937505863471
"50",0.833333333333333,0.722222222222222,0.58,0.426605339105339,0.27562091503268,0.2552495476305,0.250978714226577,0.364319727891156,0.187655597592572,0.155004825383875,0.131103349169805,0.254840494602399,0.135308559561987,0.191331484340862,0.116192404073098,0.209017956252062,0.140189378222298,0.148787428580124,0.132256476790272,0.0950430586105172,0.0917241421927587,0.174883369070949,0.0890531084767867,0.0875733344626485,0.091128778948399,0.082999264535449,0.104867785561396,0.0847048603364179,0.0791568496577983,0.0832899403783213,0.0852510634128784,0.0802434488070076,0.0807520934649355,0.0917614105025445,0.075937505863471,0.0820302178767376,0.0842294444116061,0.0772726130408343,0.0814779263985081,0.075937505863471
"51",0.833333333333333,0.722222222222222,0.452121212121212,0.342267573696145,0.330086791051703,0.363355625855626,0.361356764928193,0.20420792327572,0.163611066581655,0.151490219954654,0.135726369960883,0.152338146908789,0.122729535037418,0.125860897996606,0.14553502851767,0.113276787097401,0.121368928949056,0.123544608685784,0.0903039917173372,0.100407501554667,0.0902376749428245,0.0925545666511388,0.0911773061347586,0.104867785561396,0.10797681645784,0.0866612081209927,0.081621917050989,0.0780331129105715,0.091128778948399,0.0839951572916726,0.0776536249643857,0.0842294444116061,0.075937505863471,0.0763233817223529,0.075937505863471,0.075937505863471,0.075937505863471,0.0802019495360379,0.075937505863471,0.0763233817223529
"52",0.7,0.6,0.436666666666667,0.457242063492063,0.311576949620428,0.232375074196883,0.261269943731482,0.223122193710429,0.22644484273896,0.192307448973555,0.151151974093028,0.177624168450797,0.122776068548407,0.12672204643161,0.118989873707104,0.132252517957278,0.12022392058489,0.0907991881069175,0.104867785561396,0.104679698271209,0.0944779313565666,0.136579407905309,0.0929207230278698,0.0815589703803969,0.0874215000972551,0.0819895289327858,0.0820644257955962,0.0791568496577983,0.0884676507512104,0.0899830769226157,0.0804413824424115,0.0940636662833126,0.0770482510798633,0.075937505863471,0.075937505863471,0.0790995553664187,0.075937505863471,0.075937505863471,0.075937505863471,0.075937505863471
"53",0.666666666666667,0.484848484848485,0.521428571428571,0.527380952380952,0.530952380952381,0.287158614055166,0.252977966898421,0.261795735129068,0.187841999029214,0.314964178122073,0.204141829119866,0.166361085616861,0.153725566929326,0.119977197675287,0.108457598095119,0.116753404342504,0.123317642012836,0.1454152779331,0.119946431376969,0.0949824274591156,0.112801045512811,0.0944779313565666,0.095738069242473,0.0839467184921519,0.0971271760833895,0.0844764774376553,0.127720364666987,0.103819322038469,0.0790995553664187,0.0866612081209927,0.0767042827423632,0.0948083142651549,0.0934239828737646,0.0781769844480082,0.075937505863471,0.075937505863471,0.0780331129105715,0.075937505863471,0.0772726130408343,0.075937505863471
"54",0.833333333333333,0.505555555555556,0.553174603174603,0.360582010582011,0.58,0.258424762372131,0.195795812835455,0.195882597336854,0.203181841472731,0.191944065787066,0.166361085616861,0.262608398545899,0.137215608848153,0.231880404541695,0.141620613747408,0.113223604939086,0.106563832125055,0.0977141894617049,0.101635998959146,0.118573370228144,0.0977141894617049,0.093509792796712,0.0852454931108666,0.090108045498713,0.0837259756655055,0.0854143069456279,0.0834118028584904,0.0807586481604829,0.0866055520254469,0.0802019495360379,0.0844633893894214,0.0827574556168169,0.0820715215398013,0.0940636662833126,0.0814779263985081,0.0807520934649355,0.075937505863471,0.075937505863471,0.075937505863471,0.0763233817223529
"55",0.833333333333333,0.6,0.451212121212121,0.58,0.28718820861678,0.226863366711852,0.240330918029782,0.170964654883194,0.208339301854879,0.143875260922962,0.188491565298489,0.141273473106149,0.118001156780604,0.199328146253037,0.106563832125055,0.143840457784894,0.121437964132658,0.126145271705391,0.174883369070949,0.103073834383247,0.119977197675287,0.0841953717189307,0.0852236410977073,0.116369062902012,0.103819322038469,0.0883014383837247,0.0874215000972551,0.0802434488070076,0.0847020153954567,0.0813662364964566,0.0772726130408343,0.0776536249643857,0.0785955221914477,0.075937505863471,0.0804413824424115,0.0802019495360379,0.075937505863471,0.0810861186106657,0.075937505863471,0.075937505863471
"56",1,0.75,0.480555555555556,0.321391941391941,0.333317771553066,0.231777192906761,0.212097941630782,0.272769082769083,0.183946947988044,0.15116136538306,0.17937940540896,0.167306883187126,0.12564870481694,0.210919251688482,0.11181732311583,0.120628491147025,0.0986915178356765,0.120959515392271,0.0976825860995433,0.0935898745505189,0.112801045512811,0.0956728652944424,0.084512624506156,0.0971218321303824,0.0941970615432992,0.083910398409533,0.127720364666987,0.0848641621938183,0.0853926158752532,0.0781769844480082,0.0782028926872603,0.0899830769226157,0.0802434488070076,0.0809103117091953,0.0762727674457897,0.0820302178767376,0.0798914150613763,0.075937505863471,0.075937505863471,0.075937505863471
"57",0.833333333333333,0.641666666666667,0.480555555555556,0.329339311482169,0.265508944318468,0.298299346851978,0.204714859841978,0.241210876131511,0.299933003504432,0.165639057435445,0.188570057221609,0.136156282845464,0.118287947379489,0.138752938098881,0.106031762416371,0.128081206812314,0.158726729230143,0.116780071966959,0.0993827274584892,0.108990183578256,0.093762782531339,0.0825023887210941,0.0827628563383714,0.0841161914935831,0.0911433097502757,0.08236150418867,0.0977141894617049,0.0798914150613763,0.0839334665144405,0.0776536249643857,0.0790995553664187,0.0767042827423632,0.0785955221914477,0.0804413824424115,0.08058642590676,0.075937505863471,0.075937505863471,0.075937505863471,0.0767042827423632,0.075937505863471
"58",0.833333333333333,0.55952380952381,0.436666666666667,0.452121212121212,0.335904968047825,0.283835300501967,0.421601731601732,0.225315706186152,0.279570407633649,0.145417072848426,0.129866448124255,0.188337295204497,0.11506617408943,0.113194231175123,0.106318074845194,0.146135257172,0.0972764767198284,0.112864721225737,0.0965089994640286,0.104684535895041,0.100167567072721,0.0840382945123935,0.08448714124678,0.0824399021399863,0.0847845234215309,0.121437964132658,0.0908564227080816,0.101075934031284,0.0771570922070115,0.0802019495360379,0.0813662364964566,0.0810861186106657,0.0820715215398013,0.0940636662833126,0.0827574556168169,0.075937505863471,0.0762727674457897,0.0802434488070076,0.075937505863471,0.075937505863471
"59",0.75,0.641666666666667,0.530952380952381,0.391529304029304,0.324198568316215,0.245370087428911,0.221943362904901,0.231880404541695,0.185156650084948,0.231716630900792,0.220055164218927,0.139392303135965,0.146856835806103,0.134695501347766,0.113276787097401,0.13349131082168,0.178555609204618,0.0938232644592256,0.101421061831473,0.0887622390292868,0.0980855188165167,0.0922525634395141,0.099954249863741,0.112058811122113,0.0859665839725867,0.0851350273057298,0.0805892572732816,0.0802451451103375,0.0785955221914477,0.0798914150613763,0.0799544019979195,0.0804413824424115,0.0884676507512104,0.075937505863471,0.0884442150730295,0.075937505863471,0.075937505863471,0.075937505863471,0.075937505863471,0.0798914150613763
"60",0.833333333333333,0.722222222222222,0.41007326007326,0.517261904761905,0.28167779457462,0.234159779614325,0.200208067840279,0.231322261967423,0.225315706186152,0.164128420693396,0.159270372495816,0.181938518707021,0.188500817857251,0.115556465036089,0.118781750164414,0.133632726790201,0.10221190348414,0.104684535895041,0.112413376469537,0.0884056811352795,0.164036357891368,0.0848999263326032,0.10797681645784,0.118573370228144,0.103819322038469,0.0833882062321666,0.0808085165742598,0.103819322038469,0.0792015678322236,0.08058642590676,0.0780086410884616,0.0948083142651549,0.0844633893894214,0.075937505863471,0.083910398409533,0.0820302178767376,0.0971271760833895,0.0791568496577983,0.075937505863471,0.075937505863471
"61",0.833333333333333,0.641666666666667,0.473484848484849,0.42538961038961,0.270981695981696,0.211860901182935,0.225441481954087,0.167124351148228,0.222457658762806,0.199726669199268,0.167557333520592,0.161862095115449,0.162556463454679,0.172761065213695,0.112561933813119,0.108727674645942,0.104818266936648,0.101572473711832,0.107771015249202,0.0929355494570433,0.103073834383247,0.0899949857585311,0.0929207230278698,0.0925289601505648,0.101408954414173,0.0874215000972551,0.121437964132658,0.0785955221914477,0.0798914150613763,0.0763233817223529,0.0770482510798633,0.0840320324868275,0.0884676507512104,0.0844633893894214,0.0792015678322236,0.0845717762813279,0.0785955221914477,0.0913257844057656,0.075937505863471,0.0844633893894214
"62",0.833333333333333,0.641666666666667,0.530952380952381,0.404617604617605,0.428659611992945,0.348869047619048,0.319467418546366,0.185369847723134,0.32280060172217,0.361757369614512,0.137312247683417,0.154780189832421,0.125547835795781,0.156140627541891,0.229978253526641,0.104581669397561,0.105920853370841,0.112828958550452,0.114335097591271,0.0963394132630392,0.126145271705391,0.0938870263550596,0.0817888660257018,0.0929207230278698,0.0850272431772539,0.0883014383837247,0.0867317782158893,0.0853454040908439,0.085925882450859,0.0781769844480082,0.0866055520254469,0.0762727674457897,0.0781769844480082,0.0790995553664187,0.075937505863471,0.0776536249643857,0.075937505863471,0.075937505863471,0.075937505863471,0.075937505863471
"63",0.833333333333333,0.641666666666667,0.462962962962963,0.641666666666667,0.342404100529101,0.240683831672204,0.265865382480767,0.358949357520786,0.25194676970539,0.165639057435445,0.159270372495816,0.229978253526641,0.13434083422323,0.112217478694705,0.118989873707104,0.103340785512325,0.107253773573206,0.103819322038469,0.188337295204497,0.108670219147389,0.126856355119361,0.0940636662833126,0.0885479425426814,0.103819322038469,0.085925882450859,0.112058811122113,0.0977141894617049,0.0854479362785813,0.0817326665280369,0.0814779263985081,0.0807520934649355,0.079832284481146,0.0773972437430569,0.0866055520254469,0.0827574556168169,0.0802019495360379,0.0763233817223529,0.075937505863471,0.075937505863471,0.0767042827423632
"64",0.833333333333333,0.666666666666667,0.452121212121212,0.432575757575758,0.4875,0.363355625855626,0.273380887630888,0.17502210396046,0.167064299483352,0.148115745714059,0.282480374363491,0.159296628679375,0.15555862942784,0.116841847514531,0.141620613747408,0.116753404342504,0.100634889048013,0.111659275710364,0.0991095501984798,0.103073834383247,0.0886483028455002,0.0940636662833126,0.143840457784894,0.0812802016168485,0.125036184467452,0.104867785561396,0.104867785561396,0.0901275285100923,0.0773972437430569,0.0789162564443063,0.0790995553664187,0.075937505863471,0.0767042827423632,0.075937505863471,0.0798914150613763,0.0781769844480082,0.075937505863471,0.075937505863471,0.0802434488070076,0.0802434488070076
"65",0.75,0.722222222222222,0.425457875457876,0.385557299843014,0.33265931372549,0.27719018138373,0.259838723368135,0.205230185013483,0.299314004708742,0.187704944005279,0.299314004708742,0.177727912495714,0.248331364402793,0.111044625137106,0.126718696787059,0.125853879582483,0.177667251718201,0.112856807271362,0.104713610080744,0.132302762760656,0.158054486165785,0.0977141894617049,0.0980755840834468,0.0882385353327451,0.0984074730939132,0.104867785561396,0.112864721225737,0.104867785561396,0.0780331129105715,0.0940636662833126,0.101075934031284,0.0847845234215309,0.0767603986776168,0.0780331129105715,0.075937505863471,0.0791568496577983,0.0781769844480082,0.0776536249643857,0.0790995553664187,0.0810861186106657
"66",0.833333333333333,0.6,0.722222222222222,0.382741985683162,0.396176046176046,0.234069612620337,0.348869047619048,0.214439593134562,0.153845341108997,0.206988322674597,0.137542675329313,0.206988322674597,0.125526716881182,0.111950156506299,0.108711640038176,0.148316837389589,0.101911809037919,0.101392083286768,0.0984114660671431,0.0946448279186896,0.108412069618719,0.136579407905309,0.0820898576551481,0.0809742404705341,0.0889974419818018,0.113468128963242,0.127720364666987,0.104867785561396,0.0853926158752532,0.094795938115801,0.0767042827423632,0.0781334723388307,0.0772726130408343,0.0791568496577983,0.075937505863471,0.0767603986776168,0.089457191636198,0.0785955221914477,0.0813662364964566,0.075937505863471
"67",0.833333333333333,0.605555555555556,0.481481481481482,0.641666666666667,0.400721500721501,0.267275049344015,0.209747043639966,0.362926587301587,0.265865382480767,0.216087398573539,0.240218758266887,0.142404039512064,0.114575271246818,0.125692732162551,0.209017956252062,0.104679698271209,0.098555457437979,0.124339968102285,0.0930966429236775,0.0902212653369278,0.141620613747408,0.0864175428417542,0.118573370228144,0.094761328623243,0.0884676507512104,0.101075934031284,0.0789162564443063,0.0940636662833126,0.127720364666987,0.0853454040908439,0.088719351528807,0.0850181969768298,0.0798914150613763,0.075937505863471,0.0856475152522034,0.0763233817223529,0.075937505863471,0.075937505863471,0.075937505863471,0.0773972437430569
"68",0.833333333333333,0.722222222222222,0.40018315018315,0.406501831501832,0.351568405139834,0.288418692418692,0.239367000979904,0.177533041508787,0.154026527789897,0.146647764284938,0.189165231724191,0.124117089168065,0.133252700668397,0.116909769276921,0.115803106991144,0.10739114861144,0.156641436096115,0.151394976218215,0.0917111746284318,0.092122563120889,0.152366959242907,0.0862100757245759,0.108807603340923,0.0812581522249412,0.0884442150730295,0.112058811122113,0.0867694360991355,0.08236150418867,0.0977141894617049,0.078113457129141,0.0802434488070076,0.0812581522249412,0.0865774084280902,0.0781769844480082,0.075937505863471,0.0791568496577983,0.075937505863471,0.075937505863471,0.075937505863471,0.075937505863471
"69",0.75,0.6,0.477777777777778,0.346553884711779,0.331135709644482,0.530952380952381,0.214032903660563,0.191714545055559,0.326014109347443,0.234919734370466,0.133406815788247,0.131425765486669,0.164853345065612,0.188337295204497,0.175002948113336,0.206988322674597,0.108819490701845,0.112903613989948,0.140189378222298,0.132291212847554,0.085581816578277,0.099954249863741,0.0836239132157453,0.101075934031284,0.0824588426920899,0.0883014383837247,0.0800738916167412,0.0802019495360379,0.0778235046106354,0.0934239828737646,0.101408954414173,0.104293361585211,0.0820252066250941,0.0810861186106657,0.075937505863471,0.0767603986776168,0.075937505863471,0.075937505863471,0.075937505863471,0.075937505863471
"70",0.833333333333333,0.6,0.447575757575758,0.408928571428571,0.320006033602525,0.271820874598652,0.275085904433731,0.177338855598096,0.193641339009719,0.240218758266887,0.13127928347821,0.156385934541015,0.117351682013301,0.124891745941975,0.113047974170382,0.140638086051202,0.1053322571704,0.101075934031284,0.112806566550956,0.0884056811352795,0.0894250960214701,0.0891980272918226,0.11545652612886,0.0866055520254469,0.127720364666987,0.0973950954287354,0.095738069242473,0.0865774084280902,0.0772726130408343,0.0772726130408343,0.0802019495360379,0.0770482510798633,0.0769030828714337,0.0762727674457897,0.0762727674457897,0.075937505863471,0.075937505863471,0.075937505863471,0.075937505863471,0.075937505863471
"71",0.833333333333333,0.548611111111111,0.4875,0.375544217687075,0.29538470560638,0.277196054973833,0.256462725308879,0.171594640230685,0.234960549099205,0.248331364402793,0.151305716983134,0.142586832042305,0.177667251718201,0.290649119399119,0.183738949432495,0.210207199177787,0.101075934031284,0.192307448973555,0.106887539034098,0.140189378222298,0.0907983824384605,0.0954335498753986,0.111678841328006,0.085200983645916,0.0857475805271186,0.0841968687590479,0.0842924331044778,0.0884442150730295,0.0859359833267141,0.082999264535449,0.0767042827423632,0.0940636662833126,0.0767042827423632,0.0780331129105715,0.075937505863471,0.075937505863471,0.0763233817223529,0.075937505863471,0.075937505863471,0.0763233817223529
"72",0.833333333333333,0.641666666666667,0.530952380952381,0.39672619047619,0.264159629368989,0.241321913215853,0.248249178587445,0.265936840936841,0.215314981031094,0.149736167640755,0.210207199177787,0.14184733923797,0.164591507177547,0.155381941773096,0.125169471136254,0.164539669855557,0.200020360918946,0.093097676048614,0.131769368649438,0.0975714467404616,0.0940636662833126,0.0874841380979112,0.0887695398354214,0.0899742797051525,0.0863160224890138,0.08058642590676,0.0899885954320145,0.101408954414173,0.0790995553664187,0.0767603986776168,0.0767042827423632,0.0773972437430569,0.0899830769226157,0.0760758243553763,0.075937505863471,0.075937505863471,0.0776536249643857,0.075937505863471,0.0763233817223529,0.0773972437430569
"73",0.833333333333333,0.55952380952381,0.480555555555556,0.306043713781809,0.308776540919398,0.280029942279942,0.368697506197506,0.17413373728059,0.254952644696234,0.325441624461232,0.138792813479967,0.186277831708101,0.152085672740238,0.113468128963242,0.125853879582483,0.136336352527109,0.119743059825738,0.0994766194714179,0.0883064278685404,0.103073834383247,0.100407501554667,0.107904335258782,0.0830083833937099,0.0839951572916726,0.08118221807566,0.107904335258782,0.0977141894617049,0.0866055520254469,0.0790995553664187,0.0904777737584065,0.08058642590676,0.0785955221914477,0.0798914150613763,0.0827574556168169,0.075937505863471,0.0804413824424115,0.0851905706598441,0.075937505863471,0.0772726130408343,0.075937505863471
"74",0.833333333333333,0.633333333333333,0.428571428571429,0.404148629148629,0.334436274509804,0.260910666600322,0.218907393824337,0.204714859841978,0.210782135316034,0.224617566967249,0.193349618003142,0.124520750334131,0.164539669855557,0.126856355119361,0.126114270688105,0.111955672292666,0.122320549032208,0.097032887669862,0.122320549032208,0.10066634589891,0.10797681645784,0.100097313350772,0.0827628563383714,0.10814380852269,0.0866055520254469,0.0804413824424115,0.0822755338043135,0.0929207230278698,0.0841968687590479,0.0760758243553763,0.0785955221914477,0.0851905706598441,0.0809103117091953,0.0876680991727028,0.075937505863471,0.0762727674457897,0.075937505863471,0.075937505863471,0.075937505863471,0.075937505863471
"75",0.833333333333333,0.548611111111111,0.386601307189542,0.34875700280112,0.332306255835668,0.255718065003779,0.210767963587512,0.2258014385899,0.167836039394594,0.165639057435445,0.219721460788534,0.231818554621585,0.116048485945947,0.14315974150091,0.126704032873035,0.152366959242907,0.156641436096115,0.142586832042305,0.107154299736232,0.0969454695684474,0.0977141894617049,0.0892721353419922,0.102306415928014,0.116369062902012,0.0940636662833126,0.0900706995271678,0.0899479909459234,0.0882385353327451,0.104867785561396,0.0799544019979195,0.0762727674457897,0.0806481258941834,0.075937505863471,0.075937505863471,0.0763233817223529,0.0810861186106657,0.0767042827423632,0.075937505863471,0.083910398409533,0.0826113703455542
"76",0.833333333333333,0.605555555555556,0.452121212121212,0.421601731601732,0.292027777777778,0.313680691131672,0.216215472187132,0.314964178122073,0.202783859518763,0.17377399008208,0.187179353448078,0.131618963707733,0.123907075558288,0.116275253916104,0.111644637305342,0.214235200730505,0.113047774075086,0.140189378222298,0.167840366825164,0.152366959242907,0.158054486165785,0.0848965798027914,0.0971218321303824,0.158054486165785,0.103073834383247,0.0910886191116055,0.0883014383837247,0.095738069242473,0.0780331129105715,0.0977141894617049,0.0772726130408343,0.075937505863471,0.0865470888696048,0.0884676507512104,0.075937505863471,0.0776536249643857,0.08058642590676,0.0773972437430569,0.0770482510798633,0.075937505863471
"77",0.833333333333333,0.722222222222222,0.480555555555556,0.367042606516291,0.333317771553066,0.257969680383474,0.375544217687075,0.179162420229577,0.190197113408186,0.299314004708742,0.127323309471146,0.12375988154962,0.126145271705391,0.145199842802515,0.107154299736232,0.108727674645942,0.0989170813804276,0.103661770794216,0.101259136812046,0.148787428580124,0.107904335258782,0.0877294993193494,0.0873622845797863,0.0889974419818018,0.0824588426920899,0.08058642590676,0.0814779263985081,0.0802434488070076,0.0837027877531767,0.0917614105025445,0.0806762802862573,0.0842294444116061,0.0934239828737646,0.0884676507512104,0.0851905706598441,0.0762727674457897,0.0763233817223529,0.0827574556168169,0.0813662364964566,0.0791568496577983
"78",0.833333333333333,0.6,0.458148148148148,0.334003298289013,0.342228835978836,0.490816326530612,0.32280060172217,0.18760020460331,0.354508692365835,0.165779589027,0.143214233510586,0.248331364402793,0.132247310483357,0.134667573974834,0.110453902860211,0.116753404342504,0.136156282845464,0.097985916891167,0.0907991881069175,0.10435746404217,0.0887850141324327,0.112864721225737,0.0954623813533547,0.0839833384200579,0.101075934031284,0.0812550782054293,0.0830947402940741,0.0820302178767376,0.0834954920565294,0.0940636662833126,0.0917614105025445,0.0795288876009484,0.0802434488070076,0.0791568496577983,0.075937505863471,0.0785955221914477,0.0813662364964566,0.075937505863471,0.075937505863471,0.075937505863471
"79",0.75,0.6,0.530952380952381,0.457242063492063,0.342228835978836,0.312671297475219,0.25559445303035,0.238048430111922,0.178975553328495,0.319885833121127,0.167557333520592,0.134439108019665,0.14033414285813,0.109843636481492,0.119977197675287,0.104232310760907,0.11731364470549,0.103751617098484,0.108661412519643,0.0954335498753986,0.116369062902012,0.0857751668801953,0.134667573974834,0.0926760345315805,0.125036184467452,0.0859665839725867,0.0817486509649833,0.0837027877531767,0.0820302178767376,0.079832284481146,0.089457191636198,0.0781769844480082,0.0767042827423632,0.0814779263985081,0.0772726130408343,0.0806481258941834,0.075937505863471,0.0820302178767376,0.075937505863471,0.0844633893894214
"80",0.833333333333333,0.641666666666667,0.4875,0.362263655462185,0.364590964590965,0.232004753560876,0.259838723368135,0.188697001629182,0.148115745714059,0.152840186588148,0.21269297761722,0.135448510311566,0.117283103627284,0.126145271705391,0.121990672488594,0.103244477482741,0.10801288055317,0.148620362469486,0.0948638627586838,0.136579407905309,0.0865926839272741,0.0991645321883333,0.0892290309901172,0.0861420613892185,0.0927032214625297,0.0795288876009484,0.0820302178767376,0.0819434998869784,0.0817486509649833,0.079832284481146,0.0827574556168169,0.0772726130408343,0.075937505863471,0.075937505863471,0.0781769844480082,0.0866055520254469,0.0795288876009484,0.0866055520254469,0.0802019495360379,0.0767042827423632
"81",0.833333333333333,0.6,0.462962962962963,0.404884004884005,0.285711410167932,0.327648096275547,0.428659611992945,0.260910666600322,0.200417228066668,0.15116136538306,0.132593710149964,0.144300241093124,0.192307448973555,0.111793243807368,0.231880404541695,0.109856240786332,0.103564254871164,0.125036184467452,0.110421278756221,0.0987321543267991,0.0971218321303824,0.0839656782692942,0.0839276634919159,0.103819322038469,0.0847845234215309,0.103819322038469,0.0813662364964566,0.0853454040908439,0.0837027877531767,0.0806481258941834,0.0810861186106657,0.0767042827423632,0.0802297568504053,0.075937505863471,0.0771570922070115,0.0795288876009484,0.075937505863471,0.075937505863471,0.075937505863471,0.075937505863471
"82",0.833333333333333,0.641666666666667,0.503571428571429,0.421601731601732,0.285408793146888,0.444312169312169,0.242932533622189,0.391529304029304,0.20645470612677,0.354508692365835,0.152748632604005,0.181141716888219,0.125070073549873,0.219721460788534,0.145935101871517,0.110380180068965,0.149160624890654,0.101722843442225,0.0949824274591156,0.0957523102319625,0.0977141894617049,0.116369062902012,0.0952329492841412,0.0861600673931756,0.107904335258782,0.0876990909905212,0.101408954414173,0.0977141894617049,0.0917614105025445,0.0790995553664187,0.0807520934649355,0.0825527224297006,0.0814779263985081,0.0826113703455542,0.0876680991727028,0.0984074730939132,0.0762727674457897,0.075937505863471,0.075937505863471,0.0814779263985081
"83",0.75,0.641666666666667,0.503571428571429,0.365429505135387,0.287532220865554,0.323409418863964,0.26206135852875,0.17320892020892,0.234890291989595,0.144293761951257,0.210207199177787,0.191407717304685,0.231880404541695,0.145199842802515,0.108417075022258,0.108727674645942,0.101911809037919,0.100634889048013,0.108661412519643,0.0887850141324327,0.0936391329829265,0.0883429853971787,0.0890380770667134,0.0971271760833895,0.0811785775915593,0.0882385353327451,0.0816601690297481,0.0810522207866152,0.103819322038469,0.0866055520254469,0.0773972437430569,0.0817386061468222,0.0782028926872603,0.0767042827423632,0.0762727674457897,0.083910398409533,0.0792015678322236,0.075937505863471,0.0776536249643857,0.0802019495360379
"84",0.666666666666667,0.641666666666667,0.505151515151515,0.58,0.311576949620428,0.260789360789361,0.210767963587512,0.209582549542656,0.193616083279631,0.327648096275547,0.189638566690851,0.128129860348721,0.13460731496914,0.126114270688105,0.248331364402793,0.10200602118857,0.100634889048013,0.10116699975082,0.0970776424919138,0.136156282845464,0.0897151193406897,0.0956728652944424,0.0887695398354214,0.0960253674888237,0.0922525634395141,0.104679698271209,0.0887281543622412,0.0901275285100923,0.0820302178767376,0.0847845234215309,0.0790995553664187,0.0814328413759953,0.0767042827423632,0.0782028926872603,0.0917614105025445,0.0865470888696048,0.075937505863471,0.0772726130408343,0.0865470888696048,0.0776536249643857
"85",0.833333333333333,0.541666666666667,0.480555555555556,0.432575757575758,0.367094017094017,0.328832199546485,0.205757941553396,0.262296721164243,0.292256985438804,0.274494281438726,0.125350834728887,0.151093998701094,0.183738949432495,0.12672204643161,0.234890291989595,0.100605574762486,0.100618654999184,0.104803220217511,0.113276787097401,0.106171442466416,0.0989197186855054,0.0838298025886845,0.091128778948399,0.0866055520254469,0.0874841380979112,0.0887099858168554,0.0843413530415106,0.0804191779254523,0.0836239132157453,0.0940636662833126,0.0852510634128784,0.0767042827423632,0.0760758243553763,0.0934239828737646,0.0791568496577983,0.075937505863471,0.0813662364964566,0.0763233817223529,0.075937505863471,0.075937505863471
"86",0.75,0.641666666666667,0.641666666666667,0.421601731601732,0.343049289891395,0.226007215007215,0.268337404799855,0.210919251688482,0.225238818575216,0.198866886289393,0.181326826846482,0.140499339098847,0.133413560147984,0.200417228066668,0.152553177759262,0.10170916804565,0.0973842406192045,0.134667573974834,0.178555609204618,0.109526557810573,0.107904335258782,0.0889958476491273,0.0961059811421237,0.0940636662833126,0.0812581522249412,0.136579407905309,0.0884676507512104,0.0791568496577983,0.0782028926872603,0.0781769844480082,0.0785955221914477,0.0821915981607527,0.0796998062107336,0.0791568496577983,0.075937505863471,0.075937505863471,0.0826113703455542,0.0762727674457897,0.0791568496577983,0.0850181969768298
"87",0.833333333333333,0.641666666666667,0.412777777777778,0.404148629148629,0.58,0.257187106817649,0.195976970412067,0.193797035566131,0.225315706186152,0.151490219954654,0.167557333520592,0.167840366825164,0.239367000979904,0.115074737220982,0.106560670320573,0.136052356897007,0.0944564454383041,0.113468128963242,0.0989197186855054,0.0940636662833126,0.0933732921061837,0.12022392058489,0.112401626977463,0.112058811122113,0.143840457784894,0.0905977662137575,0.10814380852269,0.0843994903691077,0.0810154854808464,0.0851905706598441,0.121437964132658,0.0785955221914477,0.0810861186106657,0.0763233817223529,0.083910398409533,0.0856475152522034,0.0840320324868275,0.075937505863471,0.089457191636198,0.0827574556168169
"88",0.833333333333333,0.541666666666667,0.480555555555556,0.340914786967419,0.289755077658303,0.293212565212565,0.254065133979664,0.24379625915956,0.155908906998663,0.146241814822075,0.18148617112162,0.172761065213695,0.229978253526641,0.146856835806103,0.119226322394954,0.148316837389589,0.206988322674597,0.11731364470549,0.116873170692542,0.0941970615432992,0.103073834383247,0.102576473273283,0.0892290309901172,0.129849537434862,0.101075934031284,0.0824588426920899,0.0940636662833126,0.0809342885122598,0.0863695596281732,0.11545652612886,0.0884676507512104,0.0785955221914477,0.0767042827423632,0.0763233817223529,0.0865470888696048,0.0827574556168169,0.075937505863471,0.0780331129105715,0.075937505863471,0.075937505863471
"89",0.833333333333333,0.541666666666667,0.58,0.392595499738357,0.553174603174603,0.46765873015873,0.210282499975946,0.362926587301587,0.198022642987678,0.206594206788019,0.267516712353669,0.125508766371123,0.142586832042305,0.120679664040437,0.10882051722049,0.104679698271209,0.154197427659285,0.164036357891368,0.122320549032208,0.0977141894617049,0.10066634589891,0.0917614105025445,0.100634889048013,0.0877716202225457,0.103819322038469,0.100634889048013,0.0908778227112392,0.0824160173966003,0.0813662364964566,0.0780331129105715,0.0866055520254469,0.104293361585211,0.0785931564814566,0.0826113703455542,0.0820302178767376,0.075937505863471,0.0767042827423632,0.075937505863471,0.075937505863471,0.075937505863471
"90",0.833333333333333,0.6,0.506018518518518,0.530952380952381,0.490816326530612,0.314566508864755,0.224968311446299,0.267516712353669,0.292256985438804,0.254840494602399,0.267516712353669,0.126143884608475,0.116142589718071,0.15954423937662,0.158726729230143,0.108807603340923,0.113468128963242,0.143840457784894,0.104679698271209,0.125004287546137,0.0936326057980024,0.0838298025886845,0.0863695596281732,0.082230388106781,0.0826116709324409,0.0820733219801902,0.0808085165742598,0.0802434488070076,0.101408954414173,0.0781769844480082,0.0763233817223529,0.0802019495360379,0.075937505863471,0.0810861186106657,0.0767603986776168,0.089457191636198,0.075937505863471,0.075937505863471,0.075937505863471,0.0772726130408343
"91",0.7,0.641666666666667,0.442121212121212,0.404617604617605,0.358091458805745,0.27334139009139,0.216848872672043,0.214525652156679,0.207030055145193,0.147121319397946,0.128229735128647,0.133986381302002,0.261434181203412,0.210207199177787,0.141620613747408,0.132609508550662,0.178555609204618,0.117589041389223,0.100407501554667,0.128081206812314,0.0917614105025445,0.10683663439872,0.116369062902012,0.107904335258782,0.0904777737584065,0.101075934031284,0.0824040066044129,0.0806481258941834,0.0804191779254523,0.0769030828714337,0.0827557444552663,0.091128778948399,0.075937505863471,0.0762727674457897,0.075937505863471,0.0785955221914477,0.075937505863471,0.075937505863471,0.0767042827423632,0.0827574556168169
"92",0.833333333333333,0.6,0.4875,0.312325328991996,0.307800751879699,0.480555555555556,0.331175570461285,0.171494092856481,0.358949357520786,0.216087398573539,0.135726369960883,0.155361163486299,0.122729535037418,0.149659374143427,0.13460731496914,0.124623015381064,0.0963599808103025,0.0948599627426772,0.102820599509173,0.107185166775431,0.0947106951754782,0.104867785561396,0.0892290309901172,0.152366959242907,0.0977141894617049,0.080966568447864,0.0840320324868275,0.0952329492841412,0.0977141894617049,0.0780331129105715,0.0795288876009484,0.0763233817223529,0.0851905706598441,0.0772726130408343,0.075937505863471,0.075937505863471,0.0772726130408343,0.075937505863471,0.0820302178767376,0.0807520934649355
"93",0.833333333333333,0.633333333333333,0.474848484848485,0.42538961038961,0.328529657477026,0.305670236196552,0.221298236176779,0.170015639721092,0.164310752325964,0.147771117447418,0.128270045882877,0.187092302095495,0.117032742136682,0.154197427659285,0.126145271705391,0.127740433754122,0.102225200219478,0.102902819565047,0.10702517168768,0.127720364666987,0.0873753353482234,0.107154299736232,0.0927743503361881,0.0857475805271186,0.0875747096889302,0.0806303373440397,0.0917614105025445,0.0856669998517106,0.0785955221914477,0.082999264535449,0.08058642590676,0.101408954414173,0.104293361585211,0.0971271760833895,0.0781334723388307,0.0791568496577983,0.075937505863471,0.0820302178767376,0.075937505863471,0.075937505863471
"94",0.833333333333333,0.55952380952381,0.477777777777778,0.377760334903192,0.302940246146768,0.292088467088467,0.325441624461232,0.157732926379414,0.358091458805745,0.148115745714059,0.166133344328441,0.158726729230143,0.145136079924627,0.121835111172274,0.117112703588932,0.164539669855557,0.13496945462089,0.101473809348525,0.0984114660671431,0.102820599509173,0.0917614105025445,0.0891980272918226,0.0942120036440307,0.0815486835776739,0.0857016856282198,0.0850373251522487,0.10797681645784,0.078961816608219,0.0977141894617049,0.091128778948399,0.0866612081209927,0.0767042827423632,0.0762727674457897,0.0772726130408343,0.0866055520254469,0.075937505863471,0.0767042827423632,0.075937505863471,0.08058642590676,0.075937505863471
"95",0.833333333333333,0.575396825396825,0.477777777777778,0.382199546485261,0.363003663003663,0.444312169312169,0.319467418546366,0.205520669342995,0.29469301862159,0.274494281438726,0.181326826846482,0.174883369070949,0.128746816368398,0.168830554565849,0.107706530093991,0.112179240613456,0.127668459023835,0.0991457228634018,0.100407501554667,0.0899949857585311,0.0977141894617049,0.0918272893415108,0.0820898576551481,0.0892721353419922,0.103819322038469,0.0812581522249412,0.083910398409533,0.078961816608219,0.0780331129105715,0.0913257844057656,0.08058642590676,0.0780331129105715,0.0791568496577983,0.0780331129105715,0.0792015678322236,0.0827574556168169,0.075937505863471,0.075937505863471,0.075937505863471,0.075937505863471
"96",0.75,0.516203703703704,0.503571428571429,0.373350451291628,0.335563909774436,0.367891156462585,0.216819331061755,0.180259305336945,0.191858155748686,0.152840186588148,0.234373507629322,0.141865632122931,0.13434083422323,0.112605351541409,0.132421327040565,0.111659275710364,0.0979609570662404,0.11731364470549,0.100989052309379,0.0867210939675202,0.118573370228144,0.0904235191878102,0.0824131605771206,0.118573370228144,0.0904338588073849,0.0971271760833895,0.0810137009438712,0.0917614105025445,0.0799544019979195,0.0851905706598441,0.0767042827423632,0.0781769844480082,0.0810861186106657,0.075937505863471,0.0810861186106657,0.0762727674457897,0.075937505863471,0.075937505863471,0.0795288876009484,0.075937505863471
"97",0.833333333333333,0.641666666666667,0.530952380952381,0.382770800627943,0.286270694657791,0.257886594592944,0.183689717430976,0.217108921021259,0.260910666600322,0.167784071696828,0.200733619553839,0.17822007098368,0.149344215668371,0.12249138096405,0.108029538271141,0.104684535895041,0.164539669855557,0.136579407905309,0.105337703390192,0.100394783067995,0.090895981240493,0.0917614105025445,0.111678841328006,0.0885231296082446,0.0900706995271678,0.08058642590676,0.0795288876009484,0.0977141894617049,0.0787604705101983,0.0866055520254469,0.0790995553664187,0.0780086410884616,0.0763233817223529,0.075937505863471,0.0780331129105715,0.0763233817223529,0.08058642590676,0.075937505863471,0.0773972437430569,0.0767603986776168
"98",0.833333333333333,0.641666666666667,0.517261904761905,0.39421768707483,0.342228835978836,0.277000160333494,0.207035250103432,0.21280042556248,0.180745985537137,0.234919734370466,0.132110140239834,0.127849788171848,0.148292609155637,0.110485327569582,0.126260291686917,0.102731339858472,0.106171442466416,0.136336352527109,0.102820599509173,0.0863483834453136,0.104679698271209,0.0929207230278698,0.0832499649363603,0.082999264535449,0.0863160224890138,0.104867785561396,0.0887281543622412,0.0865774084280902,0.0813662364964566,0.0845946746818903,0.0804413824424115,0.0884442150730295,0.104293361585211,0.0820252066250941,0.075937505863471,0.075937505863471,0.0785955221914477,0.0825527224297006,0.075937505863471,0.075937505863471
"99",0.833333333333333,0.603174603174603,0.463333333333333,0.392307692307692,0.31243253968254,0.289933347076204,0.400571188071188,0.249192086798924,0.153596348328102,0.147056391524518,0.165462034001649,0.179457812078555,0.137835298875826,0.121453968975531,0.134051406662413,0.108725577947951,0.192307448973555,0.0991457228634018,0.101075934031284,0.0938882109679242,0.100989052309379,0.0926760345315805,0.16895119118159,0.0821396793109427,0.08058642590676,0.0851905706598441,0.0853454040908439,0.0917614105025445,0.0848939742201781,0.0940636662833126,0.0825527224297006,0.0785955221914477,0.0785955221914477,0.0813662364964566,0.0820302178767376,0.0780331129105715,0.075937505863471,0.075937505863471,0.075937505863471,0.075937505863471
"100",0.833333333333333,0.605555555555556,0.436666666666667,0.457242063492063,0.351568405139834,0.327648096275547,0.23149932316599,0.214439593134562,0.232039472872806,0.142734458325838,0.133272849188525,0.15295428222911,0.131196313979196,0.111367653345347,0.137234915870326,0.123104786316589,0.122070183805446,0.164539669855557,0.108412069618719,0.0977155409962668,0.0936578223670704,0.0918272893415108,0.0858253799446871,0.0837743087832648,0.104867785561396,0.0816619445292011,0.0809314248768299,0.0834118028584904,0.0796998062107336,0.0884676507512104,0.084017983562575,0.0813796967023466,0.0934239828737646,0.0763233817223529,0.075937505863471,0.0767042827423632,0.0770482510798633,0.0856475152522034,0.075937505863471,0.0791568496577983
