"","10","20","30","40","50","60","70","80","90","100","110","120","130","140","150","160","170","180","190","200","210","220","230","240","250","260","270","280","290","300","310","320","330","340","350","360","370","380","390"
"1",0,0.00526315789473684,0.00689655172413793,0.00256410256410256,0.0106122448979592,0.00169491525423729,0.00745341614906832,0.00611814345991561,0.00628381190178943,0.00888552188552189,0.00458715596330275,0.0069094304388422,0.0058338302524349,0.00776807125727989,0.00742281879194631,0.00908411949685534,0.00763379908176288,0.00797330850403476,0.00914932834732333,0.00820537209858818,0.0115781483700948,0.00883917844067284,0.00991546784123203,0.0116960458901451,0.0127811155324975,0.0133352244890706,0.0148433001303108,0.0159954013156903,0.0157249951071027,0.0204903843836026,0.0173716371774341,0.0274468633825479,0.0267240394733489,0.0289147010009428,0.0385628722531651,0.0496316792049244,0.0552477393990097,0.0730400960614555,0.0752196627920502
"2",0,0.0105263157894737,0.00689655172413793,0.00576923076923077,0.00448979591836735,0.00706214689265537,0.00662525879917184,0.00911919831223629,0.00841448189762797,0.00722222222222222,0.00685293299972199,0.00589402427637722,0.00440270323991254,0.00731243576567318,0.00626398210290828,0.00682071728062294,0.00712727694628147,0.00778398510242086,0.00872509757639248,0.0089414551110531,0.0098457362743077,0.00885108572530739,0.011028077523159,0.0118161339474101,0.0121590050734629,0.0152507233814917,0.0126578211667018,0.0120185458991143,0.0123266232501407,0.0169197912857747,0.0174947659934539,0.0306109402126424,0.0426552597151367,0.0259720155709615,0.034753205398424,0.042658560758982,0.0610370661630849,0.0683225899427562,0.0749723507345697
"3",0,0.0105263157894737,0.00459770114942529,0.011965811965812,0.00571428571428571,0.00527306967984934,0.005175983436853,0.00606540084388186,0.0062213899292551,0.00696969696969697,0.00967472894078399,0.00548552754435107,0.00662293778572848,0.00593011305241521,0.00812975391498881,0.00730738993710692,0.0110244313446541,0.00882486969544698,0.00928874337395641,0.00897236180904523,0.00662386485694756,0.00977534641918204,0.00924857076556336,0.0101742972663475,0.0104527072213819,0.0122856827981347,0.0120315359369469,0.015066725784898,0.0169748154711524,0.0180954854804176,0.0209786436886111,0.0198489973305997,0.0285085055215828,0.0358580696474986,0.0320944752179905,0.0462151938083159,0.0573232245870472,0.0672013661541059,0.0735863130891874
"4",0,0.00526315789473684,0.00459770114942529,0.00128205128205128,0.00408163265306122,0.00395480225988701,0.00559006211180124,0.0069620253164557,0.00607573866000832,0.00474747474747475,0.00728384765082013,0.00529878618113912,0.00644007155635063,0.00618362452894827,0.00888590604026846,0.00790113057801737,0.00861734042729518,0.00752236831380221,0.00827770484412088,0.0084141758576432,0.00825013471630013,0.010256149228752,0.0118124524674743,0.00969562883265812,0.0108940431277781,0.0102464566750281,0.0137312037927113,0.0141577561660085,0.0152270956939042,0.0151054889862073,0.0187898127785178,0.0209030873263364,0.0345989734537201,0.0234980677454855,0.0499306484708304,0.0513075098297739,0.057887272115083,0.0600168561940308,0.0756671272950607
"5",0,0,0.0149425287356322,0.00769230769230769,0.00489795918367347,0.00536723163841808,0.00372670807453416,0.00697257383966245,0.00722014148980441,0.00624579124579125,0.00623297192104532,0.00976190476190476,0.00645000993838203,0.00751455978074683,0.00940193885160328,0.00743392482779275,0.00738368720269173,0.00831988412994,0.00957477467920241,0.00805120842306772,0.0109798124459779,0.00978652176659649,0.0105122641424141,0.012589309441122,0.00939413669775116,0.00952368095225238,0.0109151240088869,0.0138026731191094,0.0183185924246084,0.0338364604570266,0.0205227583805141,0.0256942367030772,0.0190960951825214,0.0300724146432152,0.0450312747699605,0.0601294117842846,0.0553451509155764,0.0634623863837529,0.0739048838197775
"6",0,0.00526315789473684,0.00229885057471264,0.00512820512820513,0.00612244897959184,0.00988700564971751,0.00614216701173223,0.00685654008438819,0.00584685809404911,0.00731313131313131,0.00846260772866277,0.0069327731092437,0.00795468097793679,0.0068191161356629,0.00943538936827527,0.0080935534591195,0.0072595428704026,0.00886155158035977,0.0109029186723422,0.0104041836164952,0.00831700463279411,0.0106040674191359,0.0101417832004504,0.010172953886343,0.0114471656857199,0.0175820008029208,0.0137944834320299,0.0131381361247743,0.0204083901890005,0.0193553717739258,0.0177036784268923,0.0269371220415952,0.0192851207370381,0.0318808728225441,0.0482538623703726,0.0328962463788715,0.0643165469047179,0.0721608902784371,0.074823091823245
"7",0,0,0.0103448275862069,0.00256410256410256,0.00408163265306122,0.00922787193973635,0.005175983436853,0.0060126582278481,0.00669995838535164,0.00555555555555556,0.00489296636085627,0.00831232492997199,0.00685947127807593,0.00754710517300445,0.00901150527325024,0.00748371518418688,0.00767606450864369,0.00966987871084705,0.00695106372633524,0.0101135239690516,0.00922832300480968,0.0121964335880899,0.0125097917439846,0.0138404856030379,0.0125096635632277,0.0100509507652365,0.012595793657217,0.0135024024732166,0.0175348954367376,0.0208043847921101,0.0216756210785569,0.0259114969260487,0.0296015800458457,0.0224985329266026,0.0442801602854411,0.0470257547095304,0.06000047272573,0.0705888186334512,0.0737451282652857
"8",0,0,0.00804597701149425,0.00961538461538462,0.00530612244897959,0.0115348399246704,0.0072463768115942,0.0084915611814346,0.00520183104452767,0.00521885521885522,0.00620517097581318,0.00714285714285714,0.00811369509043928,0.00782631038026721,0.00771662938105891,0.00816577443346311,0.00870468897618219,0.00838779521740416,0.00759212846932145,0.0087056712132089,0.00787802840434419,0.00882682005969677,0.0107803002221077,0.012952893502251,0.0123966873376512,0.0122227824975078,0.0155915688311422,0.0127845986366012,0.019490222163822,0.0253547128404817,0.0222587393744638,0.0245314062758614,0.0303128357986986,0.043315544436463,0.045752026966827,0.0448045173809776,0.060269619078872,0.0693760738806443,0.0758703478796255
"9",0.0222222222222222,0.0105263157894737,0.00229885057471264,0.0102564102564103,0.00693877551020408,0.00673258003766478,0.00579710144927536,0.00585443037974684,0.00678318768206409,0.0077946127946128,0.00619961078676675,0.00745798319327731,0.00738947099412216,0.00623843782117163,0.00792393736017897,0.00599449685534591,0.012718786801627,0.00800951789778605,0.0105080160719258,0.0132469306935387,0.00954923383494812,0.00889521437466643,0.011243606139657,0.0134102694640305,0.0143813474343595,0.0114166363532265,0.0131130268179859,0.013004073583487,0.0149572214165277,0.013507657378944,0.0144361224227738,0.0217962919919413,0.0296218132430203,0.0291334443327185,0.0441278187234757,0.0396821740635923,0.0549761648828548,0.0700026118396121,0.0756485757140302
"10",0,0,0.00229885057471264,0.00705128205128205,0.00571428571428571,0.00583804143126177,0.00496894409937888,0.00812236286919831,0.00907199334165626,0.00656565656565657,0.00517097581317765,0.00741596638655462,0.00866825680779169,0.00632065775950668,0.00687099179716629,0.00797637765798143,0.0109416074121956,0.00956085641374282,0.00771757435917837,0.00994262981574539,0.011077567656515,0.00935707367214217,0.010449091338592,0.0112870627841862,0.0108476120933952,0.0131552843646284,0.0133452500999123,0.0135755031849306,0.0159128177390579,0.0174411044969977,0.0153962112600892,0.0214104480148576,0.0411419409163552,0.0385552168184058,0.0398140760918058,0.040304456546173,0.0508305623061464,0.0612841118060108,0.0758541881223391
"11",0.0222222222222222,0.0157894736842105,0.00459770114942529,0.00128205128205128,0.00489795918367347,0.00423728813559322,0.00779848171152519,0.00595991561181435,0.00711610486891386,0.00444444444444444,0.00761745899360578,0.00791083099906629,0.00646789902603856,0.00894847387396205,0.00875700436774262,0.00754015049415993,0.00822369184360135,0.00968298306287133,0.00921989718564489,0.00808877721943049,0.00966632327192819,0.0107137106701241,0.00992818680591606,0.00936517747710216,0.00867997705106139,0.0105036908608337,0.013120755435323,0.0132124012390797,0.0240052414263871,0.0166542861925366,0.0156566906088547,0.0190974234868236,0.0237881077355475,0.0290962219193612,0.0329912237744346,0.0412528941965461,0.0527101031367111,0.067153312246213,0.076094450926393
"12",0,0,0.00229885057471264,0.0136752136752137,0.0072108843537415,0.00423728813559322,0.00531400966183575,0.00730485232067511,0.00669995838535164,0.0061952861952862,0.00726716708368085,0.00828664799253035,0.00595309083681177,0.0115935822770355,0.00854287844891872,0.00712788259958071,0.00747534516765286,0.00854142650232036,0.0109423028470648,0.0101053300412597,0.00858462896056881,0.0106293259344318,0.0101226921086424,0.00980722196987887,0.00961586142549998,0.0123277025749553,0.00952685258963656,0.0160145539298395,0.0164715818456669,0.0205755783789147,0.0197928779954149,0.0184907059441075,0.0190015254079256,0.0447304041663921,0.0360021827470688,0.0408823208879467,0.0611709141316951,0.0683938738609757,0.0754104259759131
"13",0,0.00526315789473684,0.00459770114942529,0.00448717948717949,0.00489795918367347,0.00536723163841808,0.00476190476190476,0.00738396624472574,0.0048689138576779,0.00552188552188552,0.0068946344175702,0.0104458450046685,0.00693699065792089,0.00778862624186365,0.00701565995525727,0.00846342467804732,0.00825996276222521,0.00835954203738189,0.0102618981315723,0.0103272114540959,0.0106360088861798,0.00958085420414188,0.0104517646562454,0.0111736162102271,0.00998364250653407,0.0118425803558318,0.0136818989751662,0.0139004522529868,0.0141719581731993,0.018843730560885,0.017168686960394,0.0272811106417474,0.0251580403346809,0.0358113558428904,0.0536049352969301,0.048287156951926,0.0466081005928438,0.0656175613802436,0.0755837186288807
"14",0.0222222222222222,0,0.00229885057471264,0.00961538461538462,0.00612244897959184,0.00564971751412429,0.00869565217391304,0.0064873417721519,0.00732417811069496,0.007003367003367,0.00871559633027523,0.00436507936507937,0.0065792089047903,0.00763960260363138,0.00654586129753915,0.0113488319856244,0.00667130757628495,0.00935606396500251,0.00912724934028192,0.00753433835845896,0.0088527234391896,0.0103718229558827,0.00830435686710606,0.010905129950632,0.0126430675972845,0.00939968332825476,0.0104082238840603,0.0170106531792923,0.0169497114402615,0.0168580126859172,0.0207636508184524,0.0260129005911169,0.0385836684406471,0.0301377282796951,0.0339014217735884,0.0538771303228719,0.0440520924628805,0.0700341253733311,0.0756666712268417
"15",0,0.00526315789473684,0,0.00769230769230769,0.00326530612244898,0.00338983050847458,0.0082815734989648,0.00675105485232067,0.0052434456928839,0.0062962962962963,0.00787322768974145,0.00802987861811391,0.00743788511230372,0.00863578524935154,0.00811633109619687,0.00783018867924528,0.00657732915651468,0.00848063413240322,0.0078219357918606,0.0104787864285352,0.0100942488058004,0.00894198014061028,0.00924332697448323,0.0118017190271374,0.0135949823177321,0.0115941062369634,0.0149994864724437,0.0131077385378461,0.0156596275993285,0.0222905559728072,0.0196101418714546,0.0200051048388956,0.0282894550617969,0.0410230219604589,0.039666110387207,0.0492399001662624,0.0507034987612227,0.0631992052163786,0.0759241475327874
"16",0,0.00526315789473684,0.00919540229885057,0.00256410256410256,0.00244897959183673,0.00621468926553672,0.00559006211180124,0.00456223628691983,0.00436953807740325,0.00653198653198653,0.00639421740339172,0.00664098972922502,0.00716557344464321,0.0084737923946557,0.00665473527218494,0.00963974028242896,0.00968784609056102,0.00780571073867163,0.00967140273322395,0.00991089242973665,0.00863609239549089,0.0119410840301251,0.0143781612728416,0.00993479217590096,0.00921295340090521,0.0123133662936507,0.0127301030543492,0.0161006772818822,0.0219594293849006,0.0195184266584699,0.0194680753896503,0.0282649904757234,0.0350987420084808,0.0401576632439229,0.0370227299463109,0.0566929418829264,0.0547201438370005,0.0598226500528968,0.0750116654928873
"17",0,0.0105263157894737,0.00689655172413793,0.00769230769230769,0.00326530612244898,0.00338983050847458,0.00683229813664596,0.00427215189873418,0.00520183104452767,0.00505050505050505,0.00701973867111482,0.00702614379084967,0.00718545020870602,0.00699725933538883,0.00683818046234154,0.00851430692822202,0.00970671108680158,0.00805296917028761,0.00972103981293622,0.0107335088139108,0.011150943307471,0.0119170175334559,0.00942910484869854,0.0107548462307877,0.0126225250561811,0.0103424578424578,0.0133536814629498,0.0150160124258469,0.0154294688398333,0.0168887408723586,0.0239018197887611,0.0160647891031089,0.0309175002599293,0.0295894770163392,0.0262823291067203,0.032240733966536,0.0640055147805563,0.0629674748729768,0.074240301429338
"18",0,0.00526315789473684,0.0145593869731801,0.00512820512820513,0.00530612244897959,0.00913370998116761,0.00538302277432712,0.00519514767932489,0.00728256346233874,0.00604377104377104,0.00722824576035585,0.00591736694677871,0.00728483402902008,0.00966157686096021,0.00690380313199105,0.0069601677148847,0.00811943712396201,0.00823165144394195,0.0075949132089483,0.00918798538145272,0.00861853900131412,0.0121177817270594,0.011021937369004,0.00932426544089724,0.0149732626394829,0.0132172130257984,0.0116073339244367,0.0138505471032353,0.0200929415093975,0.0214484420853788,0.0193103803885914,0.0173461198620283,0.0214798477558983,0.028465153141781,0.0427583956653526,0.0584382211480967,0.0453489634429445,0.0688823346384098,0.0728542327066706
"19",0,0,0.00229885057471264,0.0115384615384615,0.00326530612244898,0.00395480225988701,0.00434782608695652,0.00659282700421941,0.00732417811069496,0.00787878787878788,0.00700583819849875,0.00427170868347339,0.0102476076894682,0.00519355943816375,0.00688590604026846,0.00895833333333333,0.00770158951154426,0.00887851871557644,0.010157878184194,0.00873133524766691,0.00724809860148206,0.0111238953611307,0.0111357927771446,0.0114395845173596,0.0100381728044379,0.0165112492963087,0.0115066732412506,0.0138236396215428,0.0148149821992849,0.0150842946937128,0.0175811552024732,0.0299974719717375,0.0260517702802938,0.0386093093423989,0.0391491569314172,0.0488214410454583,0.0641793493977028,0.0683492065838658,0.0758904484234815
"20",0.0222222222222222,0.0105263157894737,0.00804597701149425,0.0121794871794872,0.00843537414965987,0.00706214689265537,0.00552104899930987,0.00585443037974684,0.00657511444028298,0.0061952861952862,0.00703363914373089,0.00611344537815126,0.00894099440611069,0.0065690304898938,0.00635495898583147,0.00748502545672357,0.00827938275902077,0.00680736602524312,0.00788028271737545,0.0103862566802265,0.00920807035297808,0.00884062411459672,0.0109874162712591,0.0117929091673862,0.0125743276488847,0.0124896238632502,0.0137086213783409,0.0191053795635343,0.0124924238647682,0.0221372321302674,0.0174747860330982,0.0209519012406568,0.0241554497411768,0.0215828227212383,0.0332771630630925,0.046986858217715,0.0652237555059645,0.0707537061919973,0.0751043427916687
"21",0,0,0.00689655172413793,0.00833333333333333,0.00489795918367347,0.00758003766478343,0.00538302277432712,0.00284810126582278,0.0060341240116521,0.00730639730639731,0.0073205846141626,0.00683940242763772,0.00618167362353409,0.00709146968139774,0.00742132736763609,0.0103431666167515,0.00669799280659009,0.00775915580384854,0.00817984113723462,0.00882360576330426,0.00947260089091941,0.00996577139478758,0.0104161581093421,0.0111861369105093,0.0118862932694258,0.0121635064766933,0.0103031924551958,0.0126699408573449,0.0136353994582713,0.0152839574918564,0.018220592560845,0.0163628396762652,0.0188080597560609,0.0244223131981292,0.0499885434984042,0.0591394685138504,0.0502634925312349,0.0626289966725838,0.0756654600003294
"22",0,0.00526315789473684,0.00459770114942529,0.00384615384615385,0.0073469387755102,0.00508474576271186,0.00600414078674948,0.00759493670886076,0.00694964627548897,0.00644781144781145,0.00603280511537392,0.00724789915966387,0.00667887667887668,0.00738609112709832,0.00888888888888889,0.00773191823899371,0.0108199492814877,0.00905087050338447,0.00824097280237631,0.00956518704634282,0.00946665167444388,0.00916246614876752,0.0127282206644272,0.00953148867636315,0.0104994662633217,0.0114762128773118,0.0137054502438437,0.0209851317367762,0.0149257542211471,0.0161185399383044,0.0189707340776177,0.0219091626654658,0.0223727120916159,0.0344845818045292,0.0380680154339992,0.0419854201456224,0.0470516766786156,0.0695075686024143,0.0754511769346399
"23",0,0.00526315789473684,0.00459770114942529,0.0123931623931624,0.00775510204081633,0.00593220338983051,0.00351966873706004,0.00886075949367089,0.00470245526425302,0.00404040404040404,0.00724095476389054,0.00708216619981326,0.00819916517590936,0.00859051534282778,0.00937956748695004,0.00793370020964361,0.00936342189735855,0.0104953834702438,0.00888199334314623,0.00735139985642498,0.0106096426294649,0.00852563469001825,0.0105630741429109,0.0107012015955531,0.01117265634856,0.0111455090925118,0.0150654230972793,0.0160050699407244,0.0160023366050364,0.0158779169677701,0.0248456929742092,0.0248766194266392,0.0227627293160224,0.0235952755733771,0.0329684499546725,0.0490740621156273,0.0590365891315865,0.064401879387319,0.0757834230496169
"24",0,0,0.00459770114942529,0.00128205128205128,0.00571428571428571,0.00870998116760829,0.00683229813664596,0.00812236286919831,0.00665834373699542,0.0105925925925926,0.0083680845148735,0.0067110177404295,0.00966010733452594,0.00807639602603631,0.00780032669294414,0.00770571278825996,0.00743125652627915,0.0109409762249613,0.00948038084629563,0.00868896248921375,0.00915213884113406,0.0106538541252115,0.0144058024277538,0.00978467052473329,0.0185748257013895,0.0133590876194983,0.0120545105218429,0.0117247583337084,0.0200654356517574,0.016843364440094,0.0215583600129204,0.0233187157880083,0.0357878064522098,0.028463107562149,0.0412267181202806,0.0421957954158984,0.0621338915043248,0.0631118206378742,0.0755927448924554
"25",0.0222222222222222,0.0184210526315789,0.00459770114942529,0.00705128205128205,0.00857142857142857,0.00706214689265537,0.00703933747412008,0.0069620253164557,0.00891385767790262,0.0067003367003367,0.00589380038921323,0.00772092170201414,0.00903200159014112,0.00747100278960505,0.00850857568978374,0.00624344863731656,0.00778976679429168,0.0102996019429911,0.0108987877743099,0.00976641142219032,0.00709804815067973,0.00887060428156319,0.0100387859719548,0.0104303922870868,0.00970739447968364,0.011531449031449,0.0131188191617766,0.0180399750757066,0.0120758289576239,0.0278261531351049,0.0219004691318575,0.0297934196292195,0.0230069745140287,0.0306279223173832,0.0438072321060306,0.03357449920369,0.0645016891506069,0.0644985859381799,0.0751315589038732
"26",0,0.00526315789473684,0.0103448275862069,0.00576923076923077,0.0140816326530612,0.00423728813559322,0.005175983436853,0.00727848101265823,0.00561797752808989,0.00612794612794613,0.00826800111203781,0.00601073762838469,0.00687537268932618,0.00623501199040767,0.00696793437733035,0.00718160377358491,0.00842673163940132,0.0101046467154475,0.0100251589432876,0.00835259631490787,0.00955518305142365,0.00890717349621459,0.0114577935196883,0.0130868215080544,0.0133739722664909,0.012033395052141,0.0100965321184239,0.0148554714056833,0.0150000418956212,0.0175819733317877,0.0210690538992532,0.0244184316660079,0.0310636834944941,0.040241404565261,0.0464535758449302,0.0515779134228569,0.0563775744251543,0.0656124917524842,0.0750301659215146
"27",0,0.00526315789473684,0,0.00128205128205128,0.00326530612244898,0.00508474576271186,0.00559006211180124,0.00427215189873418,0.00840615896795672,0.00734006734006734,0.00857659160411454,0.00550887021475257,0.00824885708606639,0.00650051387461459,0.00709321401938852,0.010012541179994,0.00805562461671059,0.0105328199974382,0.00789009560939385,0.00778266331658291,0.00822033438574792,0.0104388006256001,0.00978551004087363,0.0104046315918701,0.0131533928811037,0.00979859372716516,0.0109967405688668,0.0121359733456508,0.0174198443093666,0.0140778643598576,0.0266751229460375,0.0271779567087832,0.0399561156809861,0.0372777555240272,0.0384896127019621,0.0455583604208086,0.0515410606122999,0.069411748203327,0.0751817661338939
"28",0,0.0105263157894737,0.00919540229885057,0.00256410256410256,0.00163265306122449,0.00423728813559322,0.00372670807453416,0.00522151898734177,0.00749895963379109,0.00855218855218855,0.00685293299972199,0.00675770308123249,0.00723159269670898,0.0081580042088778,0.00854223926707148,0.00784198113207547,0.0107228492975099,0.00724409565191688,0.0073220087255175,0.00857759033261546,0.0098020723106164,0.00949793253653777,0.0102809976134449,0.0113923536753035,0.0129641181743946,0.0159646622719415,0.0142812471354556,0.0136426644414356,0.0237829024263194,0.0189247423240429,0.0242410890040449,0.0248232548568486,0.0291225482576007,0.043338603051986,0.0268162496321718,0.0478172976354546,0.0607614825775231,0.0643646115318165,0.0753656880483507
"29",0,0.0289473684210526,0.00459770114942529,0.00384615384615385,0.00408163265306122,0.00480225988700565,0.00703933747412008,0.00625,0.00703287557220141,0.00883694083694084,0.00750506374359585,0.00752801120448179,0.00667660504869807,0.00916430121209155,0.00659955257270694,0.00577175052410901,0.00886529759832927,0.0108179874474102,0.0076552492341966,0.00729313232830821,0.0093738379794429,0.00884209017770662,0.0115443718149243,0.0125246541773738,0.0110023462927077,0.0135153210248896,0.0123968559465559,0.0177326676223995,0.014863436563904,0.0178732853881429,0.0201082710645356,0.024897359245277,0.0286371497832406,0.0347847191442569,0.0316116008081127,0.0403235376666694,0.0570981666275302,0.0711400000287749,0.0757615890159292
"30",0,0.00526315789473684,0.00229885057471264,0.00512820512820513,0.00816326530612245,0.00725047080979284,0.0115251897860594,0.0069620253164557,0.00890553474823138,0.00747474747474748,0.00611620795107034,0.00760270774976657,0.00786523553965414,0.00724905789653991,0.00715137956748695,0.00665094339622641,0.0077851258846734,0.00921580798675771,0.00949938409002737,0.0103460955571508,0.00915993350716522,0.00817707406748503,0.00939173709441414,0.0106685557391624,0.00985166399865195,0.0114653632510775,0.0143775034043269,0.0116807447678506,0.011738221339385,0.0158043670173396,0.0194715115254933,0.0161505725566212,0.0271043827641839,0.0329727246999557,0.0416694114092001,0.0425040693758806,0.065026194262483,0.0628863230949122,0.0759328485476948
"31",0.0222222222222222,0.0236842105263158,0.00229885057471264,0.00256410256410256,0.00693877551020408,0.00508474576271186,0.00676328502415459,0.00870253164556962,0.00582605076987099,0.00663299663299663,0.0077425632471504,0.00881652661064426,0.00755317034386802,0.00749057896539911,0.00887184403962927,0.00946877807726864,0.00849402482886646,0.00807676391475274,0.00809112728912228,0.010190137193906,0.0117082229180657,0.0129137446198467,0.00879944444307459,0.00940485875893826,0.0130992084581215,0.0105987391152226,0.0107123758796621,0.0139830557256267,0.0146064962153662,0.0183310307722831,0.0158069911436651,0.0208093035307877,0.0282032027214639,0.0297354742667778,0.0388642004357822,0.0572518771584322,0.0490147220996568,0.0698223021876838,0.0758978216299845
"32",0,0.00526315789473684,0.00229885057471264,0.00512820512820513,0.0073469387755102,0.00480225988700565,0.00890269151138716,0.00537974683544304,0.00582605076987099,0.00734006734006734,0.00658882402001668,0.00661764705882353,0.00650964023057046,0.00820829051044878,0.00530947054436987,0.00938508032847655,0.0100362759412533,0.00987068073660253,0.00903438048383746,0.00992281085748422,0.0104015532074315,0.00892194943564807,0.0101006635286111,0.0143383705640826,0.0113512219150773,0.0124931112019024,0.017458895930412,0.0143213188773068,0.0154481796834902,0.0143615572643706,0.0223463234654214,0.0202335894595901,0.022673038044618,0.0429059838273406,0.0473037293993333,0.0580461503541665,0.0441156555252506,0.0698220803626095,0.0737010241981304
"33",0,0,0.00919540229885057,0.00705128205128205,0.0073469387755102,0.00480225988700565,0.00593512767425811,0.0064873417721519,0.00615896795672077,0.00707070707070707,0.00642201834862385,0.00660597572362278,0.00760882528324389,0.00705721137375814,0.00718717375093214,0.00740828092243187,0.00720617240979232,0.00790088971653218,0.0085296574770259,0.010237858317004,0.00987273921997094,0.00850679001363933,0.0119823520782321,0.00936462354087877,0.012761541894072,0.011117140222667,0.0124321630806315,0.0128772152163202,0.0126824419134406,0.0171780539468486,0.0143564133604127,0.0303343827912761,0.02749747536379,0.0326133595868493,0.0510347004903879,0.0506915219353329,0.0607442639189474,0.0716025562872774,0.075582386229706
"34",0,0.00526315789473684,0.00459770114942529,0.0102564102564103,0.00408163265306122,0.00338983050847458,0.00538302277432712,0.00638185654008439,0.00830212234706617,0.00643097643097643,0.00899916597164304,0.00681605975723623,0.00833546298662578,0.0117227257155315,0.00745264727815063,0.00750524109014675,0.00804576268377173,0.00805917649493069,0.00747609765153625,0.0108340711493978,0.00927857489716683,0.0110893507811316,0.0141268788901664,0.010931176854294,0.0136370010308352,0.0116270631364361,0.0121935943414671,0.0155966683299633,0.0132670970260722,0.0207492624445512,0.0199004302275617,0.0189043905129812,0.019628943013708,0.0354811081475056,0.0370243636539897,0.0462725435502827,0.0587961243525283,0.0701826182097018,0.0734094716217366
"35",0,0.00526315789473684,0.0103448275862069,0.00512820512820513,0.00653061224489796,0.00790960451977401,0.00924775707384403,0.00643459915611814,0.0066167290886392,0.00585858585858586,0.00812065610230748,0.00710084033613445,0.00818326376465911,0.00739294278862624,0.008806860551827,0.00691430817610063,0.00786236388046343,0.00984432366155446,0.00863000052640821,0.0118157345167395,0.00957682807306868,0.00941871870576727,0.0111437079891608,0.0143392330537759,0.00970200803212851,0.0133498856850505,0.014003986589695,0.0128645854360437,0.0138671695669667,0.0219628792975253,0.0200132203201425,0.0205679135872251,0.0256763845237388,0.0320110613477094,0.0413126917619734,0.051151566284447,0.0622021450149038,0.0643101692889122,0.0757606280476593
"36",0,0.00526315789473684,0.00804597701149425,0.00512820512820513,0.00775510204081633,0.00677966101694915,0.00721187025534852,0.00595991561181435,0.00424469413233458,0.00851515151515152,0.0087294968028913,0.00760270774976657,0.006768038163387,0.00704864679684824,0.00580164056674124,0.00825864779874214,0.00826446554953342,0.00927462977742307,0.00748219755738553,0.0106131849724815,0.00846571696195756,0.0101645120480737,0.00953553271191395,0.0110018601807305,0.01352724348387,0.0135383864181537,0.0132404010016887,0.0136616507340881,0.0153339063526079,0.0246953248120184,0.0193361140146567,0.0202897195468034,0.0192407412511201,0.0293898013602857,0.0290858276882315,0.027555266474939,0.052123625749194,0.0604061968754192,0.073635878572707
"37",0,0.00526315789473684,0.00689655172413793,0.00448717948717949,0.00244897959183673,0.0096045197740113,0.005175983436853,0.00569620253164557,0.00757386600083229,0.00758249158249158,0.0069363358354184,0.00670868347338936,0.0056450009938382,0.00915381980130182,0.00742004900394162,0.00625524109014675,0.010042596920425,0.00999943345846512,0.00772765246449457,0.00759045226130653,0.0117684535661296,0.00936117535432604,0.00973906522985695,0.0103446386056219,0.0120298289840459,0.0151647046297984,0.0113494380388226,0.0102954347808418,0.0140581589786023,0.0181506748738398,0.0157562451373298,0.0200450168760682,0.0338237012237227,0.0278303434933892,0.0392572133669845,0.0511754114656133,0.0623703501999263,0.0681724662837315,0.0752127727745911
"38",0,0,0.0103448275862069,0.0108974358974359,0.0073469387755102,0.00508474576271186,0.00538302277432712,0.00474683544303797,0.00730337078651685,0.00632996632996633,0.00795107033639144,0.00625583566760037,0.00717551182667462,0.00831889590368521,0.00732438478747204,0.00676755765199161,0.00916626611196747,0.0070028967515001,0.00994039331132063,0.00720686767169179,0.00845909868466259,0.00902668234860016,0.0103756091386621,0.0183374776364264,0.0139249453524883,0.0111940451226166,0.0177109868145492,0.0149892197440088,0.0159417094456867,0.0168952684826489,0.0238336360614229,0.0214884185087619,0.0265424968806794,0.0436953721974426,0.0453992609984451,0.0428469851820901,0.0530823276732564,0.0674784321988586,0.0755292994335136
"39",0,0.00526315789473684,0.00919540229885057,0.00384615384615385,0.00489795918367347,0.00593220338983051,0.00607315389924086,0.00822784810126582,0.00624219725343321,0.00651515151515152,0.00722824576035585,0.00431839402427638,0.00576823693102763,0.00764131551901336,0.00875764354958986,0.00906128331835879,0.00723053718528832,0.00700910407614318,0.00708066462452427,0.0105807246912775,0.008686109212425,0.0108814659912565,0.00970294224898364,0.0100513339713131,0.0149892386469317,0.0121308064251112,0.0117974964358326,0.015422541197796,0.0131359621632262,0.0161892086719975,0.0215541470968782,0.0162746152075173,0.030876475959285,0.0456759144983962,0.0440006623505026,0.0508742730765161,0.0475631730578472,0.0672357173911759,0.0758463909696263
"40",0,0.00526315789473684,0.0114942528735632,0.00705128205128205,0.00775510204081633,0.00423728813559322,0.005175983436853,0.00348101265822785,0.00445276737411569,0.00565656565656566,0.00701973867111482,0.00622082166199813,0.0093940426498566,0.00718910585817061,0.00769660168317887,0.00879585953878407,0.0100803043110735,0.00735464514794124,0.0111612605346941,0.00891052484645449,0.0101684405819744,0.0106451725941141,0.0114515657538251,0.00888578955524562,0.0112165045076455,0.0134804179366235,0.0133139624380483,0.0132423472066995,0.0163707071092907,0.0159896610858022,0.0217618383738179,0.0242387092014143,0.0270017821783507,0.0348611154277309,0.0471690560480517,0.0502528050330273,0.051006373503292,0.0718923432530343,0.0752127727745911
"41",0,0,0.00229885057471264,0.00897435897435897,0.00693877551020408,0.00668549905838041,0.00434782608695652,0.00358649789029536,0.00825872421378039,0.00624579124579125,0.00861551292743953,0.00753734827264239,0.00613993241900219,0.00677800616649538,0.00618046234153617,0.00701650943396226,0.00880378120545193,0.00829047323460731,0.0104832407296902,0.00933501018802526,0.00884845591612509,0.0100671768386588,0.0101431645375067,0.0127651330344845,0.0100568125315113,0.0133436449370515,0.0113849833676352,0.0161533383702481,0.0230137663290874,0.017509303619419,0.0209462235585193,0.0258686859885117,0.0243766199540488,0.02722817749247,0.0385417982959869,0.0429592153230774,0.0557735969643579,0.0631594989114352,0.0756988401956595
"42",0,0.00526315789473684,0.00459770114942529,0.00641025641025641,0.00653061224489796,0.00734463276836158,0.0059696342305038,0.00411392405063291,0.00799001248439451,0.00582491582491582,0.00674172921879344,0.00443510737628385,0.00769429536871397,0.00952209660842754,0.00787322893363162,0.00886268343815514,0.0108201526979808,0.0101866183337319,0.00878642815150752,0.00894496290978703,0.0117873249945744,0.0133632135126531,0.0127776215093474,0.0157886490133898,0.0108887687056362,0.0126119113249127,0.0106962097978207,0.012524656575501,0.0146658754147785,0.0184155592743311,0.0181114607351043,0.0204893825462009,0.0285248039401001,0.033915753109514,0.0501231133487776,0.0522679017743225,0.0492575909853101,0.0703998481288912,0.0759127091783841
"43",0,0.0105263157894737,0.00459770114942529,0.0121794871794872,0.0073469387755102,0.00470809792843691,0.00679779158040028,0.00725210970464135,0.00665834373699542,0.0067003367003367,0.00635251598554351,0.00557889822595705,0.00522758894851918,0.00772867420349435,0.00695302013422819,0.00679638364779874,0.00761689291101056,0.00985698521080272,0.00728395061728395,0.00852823642019622,0.0118581483072255,0.00922038387791812,0.0114921089986307,0.00935353988178256,0.0129525389380811,0.0104302143587858,0.0117502772748539,0.0122372361272921,0.0121359596004626,0.0156470775291846,0.0186103908820555,0.0247795186263924,0.0362354931956019,0.0277044480427132,0.0345538421495828,0.0510292929661964,0.0484406988799538,0.067939431977872,0.0751655900604276
"44",0,0.00526315789473684,0.00459770114942529,0.00256410256410256,0.00612244897959184,0.00282485875706215,0.00634920634920635,0.00569620253164557,0.00801735925331431,0.00592592592592593,0.00794829024186822,0.00722455648926237,0.00703637447823494,0.0093999902119121,0.00700820283370619,0.0082101677148847,0.00788722589627567,0.00871936980875528,0.00850565567357547,0.0095163914812156,0.00834434571276677,0.00963588922493032,0.0114665176816306,0.0124438843738007,0.0103003030882549,0.011259129116272,0.0178570860919203,0.0132306884362541,0.0129115158595531,0.0197957613627313,0.029161298641984,0.0276714725995451,0.0215582763356191,0.034620541947552,0.0444613955140664,0.0509539017975248,0.0571745526578331,0.0727736629219265,0.075749041326762
"45",0,0.00526315789473684,0.00459770114942529,0.00384615384615385,0.0073469387755102,0.00668549905838041,0.00766045548654244,0.00537974683544304,0.00457761131918435,0.00676767676767677,0.00820405893800389,0.00718954248366013,0.0060127211290002,0.0065604659129839,0.00775348886758283,0.00634696016771488,0.00825733843833391,0.00782950548313677,0.00958536914677265,0.00907717157214645,0.00938034282873654,0.009438514301528,0.0092815554169266,0.0105678658084516,0.0114029416061756,0.0120865421329392,0.015956310710463,0.0135802257234782,0.0139741099170442,0.0148685676940311,0.0152996463642485,0.0263518510125096,0.0232452325380502,0.024018008920677,0.0442489606069487,0.0455809248836424,0.0529451488688898,0.0690433997982821,0.0756880140138588
"46",0,0.00526315789473684,0.00229885057471264,0.00576923076923077,0.00897959183673469,0.00536723163841808,0.00600414078674948,0.00585443037974684,0.00520183104452767,0.00595959595959596,0.00539338337503475,0.00728291316526611,0.00747366328761678,0.00595238095238095,0.00524235645041014,0.00796589547768793,0.00786206252269601,0.0102012476453817,0.00883222164759341,0.00788920794448433,0.00992625864806316,0.00856459692698796,0.0139697875283977,0.012582260980535,0.0101191942372665,0.00924897817754961,0.0132059969569261,0.0156358035320805,0.0146839172389464,0.016967436775849,0.0246790678315571,0.019457195462197,0.022825223159357,0.0342897251766736,0.0271904502589976,0.0439452634983312,0.0574526660881495,0.0634869552119483,0.0755499308952502
"47",0,0,0.0103448275862069,0.00512820512820513,0.0073469387755102,0.0076271186440678,0.00869565217391304,0.00632911392405063,0.00645027049521432,0.00622895622895623,0.00726994717820406,0.00871615312791783,0.0101013714967203,0.00762247344981158,0.00941834451901566,0.00801231656184486,0.00792783385543567,0.00818228843368508,0.00725219132487303,0.00788741325675999,0.0100379918049091,0.0107200346583908,0.0113569649959203,0.0115507678243034,0.0111845968845969,0.0105051909447514,0.0142383375438538,0.0175924264677643,0.0216093379728211,0.0186549904932952,0.0199089281653775,0.0213417985388083,0.0341484230636997,0.0319926173235886,0.036763124259707,0.0575795480541533,0.0606203387112344,0.0709375012107976,0.0737723004456757
"48",0,0.00526315789473684,0.0103448275862069,0.00512820512820513,0.00408163265306122,0.00734463276836158,0.00559006211180124,0.0064873417721519,0.00595089471493966,0.00671717171717172,0.00619127050319711,0.00681605975723623,0.00601073345259392,0.00890373415553272,0.00776531373175669,0.00674659329140461,0.00802297250261051,0.00894549377789601,0.00926242234512911,0.00939654622317939,0.00994994866150027,0.00919363234431728,0.0126828053256434,0.0117601862920901,0.0115417401875233,0.0119904004519389,0.0186146227028309,0.0117131375906338,0.0171844825642094,0.0154161437970967,0.0169414440915506,0.0161912772524586,0.0275650151864111,0.0322242506015748,0.0315567892189902,0.0440158441921577,0.0599625685767853,0.0654856519993335,0.0758121929635843
"49",0,0.00526315789473684,0.00804597701149425,0.00512820512820513,0.00816326530612245,0.00480225988700565,0.00841959972394755,0.00675105485232067,0.00570120682480233,0.00464646464646465,0.00697803725326661,0.00840802987861811,0.00684555754323196,0.00987495717711545,0.00678598061148397,0.00757337526205451,0.00857358327946563,0.00854955514173391,0.00939081355539167,0.00950101698971046,0.00968385200784381,0.012447256180957,0.00978012241539866,0.0106823887603176,0.0131681245008337,0.0109888829943775,0.0151256868997952,0.0116704096168382,0.0123315107954235,0.0193202672466042,0.0201288548952352,0.0318449369695004,0.03151283759476,0.0238242898631566,0.0499076188215115,0.0510208204459373,0.0647557770955445,0.0679943498285672,0.0758502742941847
"50",0,0.00526315789473684,0.00689655172413793,0.00384615384615385,0.00571428571428571,0.00593220338983051,0.0041407867494824,0.00960970464135021,0.00593008739076155,0.00454545454545455,0.00482346399777592,0.00581232492997199,0.0105926115228441,0.0065604659129839,0.00764738468094173,0.00695885744234801,0.00800788954635108,0.0103522903057354,0.00856307435254804,0.00886007418042594,0.0100093126032976,0.0107245975739126,0.0098263973648443,0.0111765182554932,0.012377206729014,0.0141261294926353,0.0120743254588076,0.0151428007246994,0.014449138394485,0.0180601277172148,0.0206215676153775,0.025049335539043,0.0301791190742769,0.030963580528919,0.0405339703138767,0.0432922937099567,0.0612984087047608,0.0658375990755561,0.0752616746849765
"51",0,0.00526315789473684,0.00229885057471264,0.00448717948717949,0.00530612244897959,0.00564971751412429,0.00835058661145618,0.00501054852320675,0.00639617145235123,0.00599326599326599,0.00828190158465388,0.00629551820728291,0.00783542039355993,0.00920353513107881,0.00759433258762118,0.00939615154237796,0.00805545886993851,0.00978451715881883,0.00849020699897893,0.00782392119326793,0.0077110886885323,0.0107612551417035,0.0120699500170736,0.0111015238054987,0.0118376520400617,0.0113027779036267,0.0171781155815184,0.0139296853658392,0.0164536472667899,0.0191335647209377,0.0195321512779064,0.0176115322888436,0.0260044476664029,0.026026467033503,0.0404943590151832,0.0481219999029939,0.0595439417447067,0.0676616182221345,0.0757390740441218
"52",0,0.0105263157894737,0.00229885057471264,0.00512820512820513,0.00244897959183673,0.00758003766478343,0.0041407867494824,0.00580168776371308,0.00667915106117353,0.007003367003367,0.00657492354740061,0.00647759103641457,0.00537581281767328,0.00738095238095238,0.00589858314690529,0.00898818882899072,0.00708161371057299,0.00841784879028827,0.00872624884320791,0.00830569514237856,0.00938162505831679,0.0133994736641063,0.0100209298538518,0.0152770811385905,0.013280197134414,0.0125003357695665,0.0132054618050925,0.015748170183049,0.0142628895319505,0.0154041619512725,0.0158771898308922,0.0163428417713157,0.0290047051789832,0.033770872046636,0.044485084370954,0.0362937492595044,0.0525085337060367,0.0593237433877021,0.0732356269595088
"53",0,0.00526315789473684,0.00574712643678161,0.00128205128205128,0.00571428571428571,0.00508474576271186,0.0085576259489303,0.00580168776371308,0.00669995838535164,0.00601010101010101,0.00790102863497359,0.0061671335200747,0.00747366328761678,0.0076464542651593,0.00815308405241291,0.00930770814615154,0.0066411416637661,0.00902936655729952,0.00720969089390142,0.00941529073941134,0.00984967461516454,0.01081499930815,0.00944953755187285,0.0102691352861939,0.011473837987091,0.0133801125191063,0.0135931569660536,0.015356614492224,0.0158338116860164,0.0174801283809873,0.0258043424227194,0.0226418158588693,0.0183223887472858,0.0287698129064495,0.0519041709425586,0.0443571324238916,0.0661899350593491,0.0701288073242333,0.0728542327066706
"54",0.0222222222222222,0.00526315789473684,0.0160919540229885,0.00705128205128205,0.00408163265306122,0.00480225988700565,0.0062111801242236,0.00775316455696203,0.00694964627548897,0.00685185185185185,0.00603280511537392,0.00927771108443377,0.00761081295965017,0.00797704693388147,0.00718866517524236,0.00812106918238994,0.00668639053254438,0.00808090213118146,0.0115679697634585,0.00796398659966499,0.00896559580770107,0.00945390122538317,0.0102187387112392,0.0100121100617963,0.0113112982510573,0.0135296158356921,0.0156572071452039,0.016140854924307,0.0124008053013833,0.0162421877515648,0.023816633606888,0.0192067579819153,0.0225086771763844,0.0397146524409771,0.0453634701895479,0.05162238697935,0.0631733032750138,0.0665713031260313,0.0757180389376019
"55",0,0,0.0103448275862069,0.00833333333333333,0.00693877551020408,0.00715630885122411,0.0072463768115942,0.0099789029535865,0.0120308939222797,0.00606060606060606,0.00651932165693634,0.00485527544351074,0.00850526734247664,0.00677286742034944,0.00696644295302013,0.0075138514525307,0.00865778263968309,0.00768777157045313,0.0095779793398841,0.00793939937784159,0.00841689360486353,0.00789753371945153,0.0096500221504968,0.0131433145599904,0.0112061807001566,0.0121812448299408,0.0134128348815721,0.0153165689313073,0.0176866272765849,0.019308542277119,0.0182512027546739,0.0209694336375257,0.0229850460181981,0.0325974303635639,0.0466361859978654,0.0383342352613686,0.0479857779507849,0.0702461690047828,0.0759046051164359
"56",0.0222222222222222,0,0.00459770114942529,0.00769230769230769,0.00693877551020408,0.00480225988700565,0.00559006211180124,0.0055379746835443,0.00749063670411985,0.00461279461279461,0.00564359188212399,0.00696778711484594,0.00662293778572848,0.00830315339565083,0.00881282624906786,0.0063351677148847,0.00638705186216498,0.00740637285330023,0.00768216838392277,0.0101392677674085,0.0112843592952957,0.0125705222778697,0.0109814650046281,0.010913203196153,0.0100144983976309,0.010238389881247,0.0117424495739242,0.0129008388885311,0.0186815363657292,0.0145355590646104,0.0225862158894693,0.0219052326233359,0.0228399467028111,0.0356031622599435,0.0261731676796021,0.041991951422246,0.0574953596419354,0.0708406766098877,0.0757501305830748
"57",0,0.00526315789473684,0.00459770114942529,0.00512820512820513,0.00530612244897959,0.00564971751412429,0.00655624568668047,0.00522151898734177,0.00615896795672077,0.00969360269360269,0.0081039755351682,0.00878151260504202,0.00651361558338303,0.00708290510448784,0.00842004900394162,0.00808700209643606,0.00765866109757512,0.00753258845437616,0.00768309663046505,0.0092418042593922,0.0102706441428246,0.00831284139503318,0.00936527799352937,0.0084493092913595,0.0110154267865111,0.0162114043141839,0.0138761012390139,0.0148533385581622,0.016896097087685,0.0183964934161855,0.0252452441802683,0.0257560071136188,0.0216373230209656,0.0340037136239646,0.0466468135697296,0.0472018525910008,0.0641186897110769,0.0689508641070684,0.0743614665912206
"58",0,0.00526315789473684,0.00689655172413793,0.00576923076923077,0.00775510204081633,0.00536723163841808,0.0070048309178744,0.00427215189873418,0.00728256346233874,0.00787878787878788,0.00656102307478454,0.00427170868347339,0.00910554561717352,0.00665467625899281,0.0073855331841909,0.00739910901467505,0.00628528334410687,0.00749430995241051,0.00814103159132399,0.00882374172449549,0.0106473253841675,0.0130559681941497,0.010470887781501,0.0104999499377114,0.0105719964997073,0.00998341748341748,0.0107732956265405,0.01488949150628,0.0163402453275138,0.0174758122704975,0.0194628391563293,0.0272699239588275,0.0391324184860493,0.0215971802592938,0.0416074703252354,0.0479250254237154,0.0585867975469241,0.0692132394335364,0.0755895990095173
"59",0,0,0.00689655172413793,0.00384615384615385,0.00489795918367347,0.00593220338983051,0.00559006211180124,0.00627637130801688,0.00620058260507699,0.00757575757575758,0.00539338337503475,0.00520541549953315,0.00577419996024647,0.00796848235697157,0.00771215510812826,0.00813810272536688,0.00783153498085625,0.0071053176081109,0.0103632317124381,0.0105326071192905,0.0085344313163862,0.0114140812833216,0.00909085018729978,0.00985214518164309,0.0104988600868119,0.011963550478418,0.0148524144683108,0.0125330066190281,0.0143783655970791,0.0205459124792915,0.0199656889947958,0.026974997989083,0.0341720131356474,0.0384977935720426,0.0309231043821841,0.059327321873692,0.0583047775980694,0.0675851636121394,0.0756143485667852
"60",0,0.00526315789473684,0.00459770114942529,0.00833333333333333,0.00489795918367347,0.00423728813559322,0.00559006211180124,0.00632911392405063,0.0052434456928839,0.007003367003367,0.00617180984153461,0.00764472455648926,0.00707811568276685,0.00703151764302843,0.00942729306487696,0.00666535639412998,0.00671075530804038,0.00770277708359645,0.00821069428421141,0.0100265831321108,0.00851387125823216,0.0104825537453184,0.011089700334052,0.0118368661595649,0.0109971731080165,0.0104096364810651,0.0147854032138993,0.0124986893688891,0.0146283655758446,0.0213774654343398,0.0211199446136565,0.0243273175978856,0.0308093198173585,0.0388996169998216,0.0539491263003273,0.050037074565901,0.0603102078326185,0.0690791258342987,0.0743569275749348
"61",0.0222222222222222,0.00526315789473684,0.00459770114942529,0.00961538461538462,0.0100680272108844,0.00668549905838041,0.00821256038647343,0.00712025316455696,0.00522263836870578,0.00604377104377104,0.00629691409507923,0.0050186741363212,0.00703438680182866,0.00804666470904909,0.00650559284116331,0.00872669586702606,0.00800623207863027,0.00947651562176702,0.00784275503573749,0.0122178750897344,0.0105756471067476,0.0100470636554074,0.00783784028135651,0.0124108284798386,0.0129334246298102,0.0133283039601721,0.0110734615484719,0.0137143971127085,0.0148562165523694,0.020273636000654,0.023254979823887,0.0303929921680948,0.0292310502389383,0.0417756955820203,0.0405165129926848,0.0524153741984275,0.0474894136694366,0.0688666737911818,0.0752966214699858
"62",0.0222222222222222,0.0105263157894737,0.00689655172413793,0.00384615384615385,0.00938775510204082,0.00338983050847458,0.00821256038647343,0.00712025316455696,0.00672076570952975,0.00575757575757576,0.00699193772588268,0.00797152194211018,0.00641423176306897,0.00788724122742622,0.00726323639075317,0.00763701707097933,0.00965836827827778,0.00629733085040348,0.00870774820649507,0.00632328308207705,0.0107874155413458,0.0126608916783196,0.0121480027261307,0.0122501375116438,0.00993213872250017,0.0128466933603786,0.016045415723481,0.0232266638551835,0.0121504509124265,0.0226161369002942,0.0152760280202445,0.0223458795543683,0.0301277432212628,0.0314253620467362,0.0394352447094295,0.0541800165478525,0.0529312516240394,0.0674174107460203,0.075749041326762
"63",0.0222222222222222,0.0157894736842105,0.00459770114942529,0.00876068376068376,0.00571428571428571,0.00480225988700565,0.00662525879917184,0.0080168776371308,0.00499375780274657,0.0105387205387205,0.00652488184598276,0.00715452847805789,0.00752136752136752,0.00832232173444918,0.00714243102162565,0.00754585953878407,0.00755772131337742,0.00931409062693979,0.00731551099972153,0.0085536013400335,0.0107339235534724,0.0107294968534072,0.00951137812254197,0.00957449193066348,0.0117977926580336,0.0111699496589606,0.0160290509418138,0.0117428752461959,0.0151389913714621,0.0179666913653796,0.0250306362159567,0.0265896412074033,0.0326199382514889,0.0297479550874011,0.0559675270167359,0.0531538045698917,0.0550638000454167,0.071759207653678,0.0758208944931377
"64",0,0,0.00689655172413793,0.00384615384615385,0.00326530612244898,0.00781544256120527,0.0072463768115942,0.00537974683544304,0.00717852684144819,0.00868350168350168,0.00514317486794551,0.0111813210132538,0.00805008944543828,0.00723535457348407,0.00721700223713647,0.00823899371069182,0.00968046784788866,0.00827017626831407,0.00873108697670101,0.00929064695773238,0.0110076507562535,0.00799106525133922,0.013389536723072,0.0121563669942331,0.00976066922813911,0.0122218006558666,0.0113957219368207,0.0125329331944155,0.0131805566664175,0.0150367487808235,0.017691742365642,0.0231633760971258,0.0299395702835628,0.0332052692240464,0.0382905509468979,0.0474352159613861,0.0458183458279538,0.0684961649375481,0.0753883921415464
"65",0,0,0.00229885057471264,0.00384615384615385,0.00571428571428571,0.00395480225988701,0.00662525879917184,0.00522151898734177,0.00812317935913441,0.00683501683501684,0.00697803725326661,0.00722455648926237,0.00752136752136752,0.00683453237410072,0.006972408650261,0.00830837576120595,0.00625942684766214,0.00793606455617629,0.00765909482701463,0.0091996290978703,0.00948887369940002,0.0112892359934701,0.00828826385310152,0.0113127698900219,0.0118309428188946,0.0165962312609295,0.012823090023627,0.0104551346986063,0.0139638043472744,0.0173449686978296,0.0208882066879132,0.0194774143975354,0.0275698936237126,0.0400673541751812,0.0574329013453549,0.0545036885037733,0.0694916529920859,0.0712433706557439,0.0753751894756217
"66",0.0222222222222222,0.00526315789473684,0.00919540229885057,0.00769230769230769,0.00448979591836735,0.00451977401129944,0.00455486542443064,0.00395569620253165,0.005451518934665,0.00373737373737374,0.00625521267723103,0.00915032679738562,0.00691711389385808,0.00822982430382225,0.00767124746990519,0.007365790655885,0.00861767192083934,0.00875821485225582,0.00777466152152869,0.00697571189279732,0.00774826677082316,0.0108381288238075,0.00996260031764114,0.0117847234897444,0.0116937185081763,0.0110036182838381,0.0131348182842181,0.0154901266690494,0.0145572556003538,0.0171719747378833,0.0201733821120901,0.0237089719491736,0.0209341793244842,0.0258754694367586,0.0384268450899403,0.0511450280967012,0.062837109385244,0.0657789780049836,0.0756947042712147
"67",0,0,0.00804597701149425,0.00961538461538462,0.00326530612244898,0.00282485875706215,0.00641821946169772,0.0094620253164557,0.0104868913857678,0.00744107744107744,0.00511537392271337,0.00782446311858077,0.00591333730868615,0.0065947242206235,0.0102305315862363,0.00864648846960168,0.00709479057895348,0.00964566521829092,0.00733924758987416,0.00909099066762383,0.0108177238320779,0.0106699459158986,0.0146539588259001,0.0101810937977256,0.0124004002244966,0.0126210854763146,0.0145606651009134,0.0127320263915012,0.0208159817491572,0.0198450114786836,0.0184154355144954,0.0233390488286056,0.0267094187554561,0.0446176540213876,0.0373777489020056,0.0500240665362576,0.0514285902769765,0.0716078393379339,0.0755377355406418
"68",0,0,0.00459770114942529,0.00384615384615385,0.00925170068027211,0.00480225988700565,0.00386473429951691,0.00907172995780591,0.00858094049105285,0.00481481481481481,0.00920211287183764,0.00679271708683473,0.00735837805605247,0.00805926687221651,0.00924768296580377,0.00766378406708595,0.00794175658429052,0.00916437586828648,0.007336860670194,0.0100191832176757,0.00989924470102187,0.00777777777777778,0.0112082202968856,0.0101659703228741,0.010265327978581,0.0123128855683801,0.0125693476829563,0.0144732788679884,0.0156412757216593,0.0218534953245326,0.0206544836670846,0.0258829430313197,0.0221275121525565,0.0426494199234044,0.0389161212506018,0.0497534007298741,0.0557754847724403,0.0614516878267873,0.0757654447289958
"69",0,0,0.00459770114942529,0.00641025641025641,0.00653061224489796,0.00536723163841808,0.00634920634920635,0.00727848101265823,0.0071993341656263,0.00461279461279461,0.0103947734222964,0.00945744964652528,0.00842178493341284,0.00668893456663241,0.00907531692766592,0.00615828092243187,0.00803225432184708,0.00745514468978156,0.00787716646112636,0.0107165789263779,0.0091890802041178,0.0101709034243281,0.0102251770127221,0.01298379453615,0.00920262637852999,0.0120089904379106,0.0116040960009179,0.0179799039036153,0.0119287173756205,0.0162272430266284,0.0178620163221374,0.0299013576764887,0.0403629707487404,0.0316403682717495,0.0229557230225612,0.0424258826822632,0.0542963907627408,0.0580006846367294,0.0753784271059565
"70",0.0222222222222222,0,0.00689655172413793,0.00512820512820513,0.00489795918367347,0.00753295668549906,0.00476190476190476,0.00506329113924051,0.00449438202247191,0.0052020202020202,0.00892410341951626,0.00602240896358543,0.00750745378652355,0.0089140116478246,0.00908810056461063,0.00757281371668164,0.00983872839076459,0.00896470692560078,0.00854689634138256,0.0100196219191194,0.00924150202345691,0.00998993522966126,0.00996800986073817,0.0106518717606584,0.0126542523229979,0.0136352330720463,0.0136340403213596,0.0184931216171672,0.018576749768753,0.0203020597224859,0.0196385224623158,0.020989091716149,0.0263897636798378,0.0359759825889736,0.0341982299668334,0.055015028703782,0.0595608337204564,0.0717021473393604,0.0758617256751669
"71",0,0,0.00459770114942529,0.00641025641025641,0.00761904761904762,0.00451977401129944,0.00824706694271912,0.00532700421940928,0.00690803162713275,0.0062962962962963,0.00631637475674173,0.00921001734026944,0.00628105744384814,0.0100239808153477,0.00826547352721849,0.00721042976939203,0.00711003928198498,0.00851519316603115,0.00781172507989551,0.00966549711332449,0.0103925940392106,0.0102884220848106,0.00930042101012293,0.0146088605528982,0.0106401687558314,0.0128212689239975,0.0125901276922367,0.0154874690099892,0.0180611555529758,0.0200866302891072,0.0263231553592062,0.022117798260103,0.0199114748105752,0.0281107953616343,0.0353184794102707,0.0468415381188517,0.0544245124590718,0.0657545318801652,0.075316109380955
"72",0,0.0105263157894737,0.00459770114942529,0.00384615384615385,0.00244897959183673,0.00338983050847458,0.00841959972394755,0.00569620253164557,0.0103870162297129,0.00592592592592593,0.00670002780094523,0.00590569561157796,0.00604253627509441,0.00703151764302843,0.00618493661446682,0.00840567909553759,0.00866988215404505,0.0103212290502793,0.00853854212250202,0.00803697056712132,0.0100235617904791,0.00986932271178846,0.0105284023615142,0.0114327248375366,0.012298716455343,0.0130321244236972,0.0154059674908977,0.016872965263591,0.0184144236674121,0.0150190805766127,0.017830745066372,0.021609163087891,0.0182300469685922,0.0342383448763594,0.0384294912870218,0.0435232271433871,0.0530508631318956,0.0672694453363972,0.0750557772286994
"73",0,0.00526315789473684,0.0103448275862069,0.00512820512820513,0.00448979591836735,0.0076271186440678,0.00559006211180124,0.00643459915611814,0.00547232625884311,0.00858441558441558,0.00589380038921323,0.00683940242763772,0.00637050288213079,0.00720623501199041,0.0087260040481517,0.00961683887391435,0.0083647423466428,0.00717256362507759,0.00775801938709207,0.00935104091888012,0.0115207242821734,0.0113376624989327,0.0100149327498862,0.0100980440990901,0.00837192579843182,0.0107534692974253,0.0117352391898034,0.0157019732436352,0.0139526826962694,0.0215408402836825,0.0211641949970601,0.024559866929563,0.0285212612614976,0.0258958651078728,0.0247142447598568,0.0442692240031389,0.054890692056484,0.0729400599200158,0.0730554179483202
"74",0,0.00526315789473684,0,0.00256410256410256,0.00489795918367347,0.0104048964218456,0.00538302277432712,0.00458860759493671,0.0102807007114123,0.00685185185185185,0.0050597720322491,0.00849439775910364,0.00658914728682171,0.00887045465668282,0.00656972408650261,0.00766509433962264,0.00673163940132266,0.00829815849368922,0.00917582757599466,0.0112463943092084,0.00988396745402897,0.0100698274328411,0.00992827732148028,0.00991138346002363,0.00985511685993614,0.0132661839069402,0.0139193033241593,0.0193749559531364,0.0172922479380765,0.0135650659216109,0.0167376362110177,0.0231021453340737,0.019325028989896,0.0357904419549621,0.0534169282276885,0.0475258844115476,0.0557554389396617,0.0499829808255283,0.0744051718048017
"75",0,0.0105263157894737,0.00459770114942529,0.00576923076923077,0.00326530612244898,0.00536723163841808,0.00476190476190476,0.00490506329113924,0.00742821473158552,0.00582491582491582,0.00611620795107034,0.00920901694010938,0.00633074935400517,0.0053271668379582,0.00871524448705657,0.00832491015274034,0.00852203603334825,0.00684667908131595,0.0107599518585316,0.0123596492842724,0.00925063379950598,0.00938118958666904,0.0120683475698888,0.0105639818688982,0.0114018165680816,0.0112173144316001,0.0148907939209263,0.014889600342049,0.0148981304227239,0.0190109057861996,0.0251206015829393,0.0210324653275594,0.0325457460616388,0.0297476256416372,0.0427305040144682,0.0509583335195396,0.0465485996005226,0.0592245716494797,0.0750418828367729
"76",0,0.0105263157894737,0.00689655172413793,0.00705128205128205,0.00612244897959184,0.00847457627118644,0.00538302277432712,0.00522151898734177,0.00461922596754057,0.00902356902356902,0.00664442591048096,0.00666433239962652,0.00762075134168157,0.00824940047961631,0.0106165974219666,0.00783748876909254,0.00957367167774408,0.00849531494782891,0.00944893096939881,0.0085634122995932,0.00895595935924029,0.0100724974946644,0.00998910831168283,0.0096388722853158,0.0143560843440362,0.011293015386422,0.0167034533545278,0.0139916605411997,0.0128063628479864,0.0151531934107573,0.0174834335866185,0.0258980009385047,0.0245455149710841,0.0388162508833933,0.0382266562426048,0.0566213827489478,0.0628676941402803,0.068968389875844,0.0757451494923485
"77",0,0,0.00459770114942529,0.00833333333333333,0.00448979591836735,0.00508474576271186,0.00759144237405107,0.00490506329113924,0.00883062838119018,0.00786195286195286,0.00750506374359585,0.00894407763105242,0.00881733253826277,0.00717026378896882,0.00778970917225951,0.00785901467505241,0.00770507019375798,0.00712497413614732,0.00800665685377465,0.00798342905001197,0.0109537248908404,0.00957390725136678,0.00927242398763189,0.00982639580704434,0.0109322129008876,0.00976056110671495,0.0150298340498671,0.0142530298445445,0.0140188889174395,0.0191465089714667,0.0229811096967934,0.0235733321312058,0.0197866488464588,0.022365952281024,0.0489966478756586,0.0488463417804136,0.0610950322758272,0.0689103586724078,0.0752175604932995
"78",0.0222222222222222,0.0131578947368421,0.00229885057471264,0.00320512820512821,0.00326530612244898,0.00395480225988701,0.00572808833678399,0.00443037974683544,0.00611735330836454,0.00595959595959596,0.0073394495412844,0.00541549953314659,0.00887298747763864,0.00741178485782802,0.00916661340151273,0.00721510931416592,0.0102373493776209,0.00810262776743224,0.00875973001286284,0.00859322586960778,0.00794453666634118,0.0110505806863217,0.011439423601945,0.0130303152644249,0.0137800805513812,0.0115404028041391,0.0157883573374099,0.0160039662728132,0.0240167933696816,0.0190777802541803,0.0264835116164622,0.0291628242507787,0.0356893390474978,0.0326828339345768,0.0315990771968576,0.0475207048006483,0.0543209914687608,0.0697114616592719,0.0755320308018077
"79",0,0.0236842105263158,0.00919540229885057,0.00256410256410256,0.0102040816326531,0.00536723163841808,0.00628019323671498,0.00970464135021097,0.0077819392426134,0.00915824915824916,0.00818737837086461,0.00752100840336135,0.00735440270323991,0.00691503939705379,0.00773452647278151,0.00756289308176101,0.00824689639169277,0.00907052703142089,0.00898787975229078,0.00844101459679349,0.00938925925597149,0.0097380688819045,0.0123579403464821,0.010729714458794,0.00977742774851209,0.0114743582326,0.0130124935721797,0.018419980599509,0.0269439046449738,0.0163820961246994,0.0210069521263022,0.0289542400164659,0.0347663654064764,0.040782024333691,0.0427752536339374,0.0536784597741854,0.0472312228461892,0.071077647457736,0.0759161688879895
"80",0,0.0105263157894737,0.00459770114942529,0.00576923076923077,0.00244897959183673,0.00677966101694915,0.00841959972394755,0.00564345991561181,0.00878901373283396,0.00580808080808081,0.00782596608284682,0.00700280112044818,0.00713504841411818,0.00837615621788284,0.0076882923191648,0.00708464360587002,0.00745794175658429,0.00876075197304248,0.00903033598104609,0.0104680346175321,0.0112479611727732,0.00864347980786337,0.010079184258983,0.0101783818807877,0.00971554790590935,0.0113562345155752,0.0107192360930486,0.0119062347662578,0.0145284583765356,0.0183383924840322,0.0223923415821009,0.0203101214111351,0.0199883260659871,0.0242788211344956,0.0357882258861661,0.0459153005582142,0.0579151334600875,0.0623270198810207,0.0743864648703498
"81",0,0.00526315789473684,0.00229885057471264,0.00512820512820513,0.00897959183673469,0.00790960451977401,0.00738440303657695,0.00614451476793249,0.00645027049521432,0.0063973063973064,0.00589380038921323,0.00786647992530345,0.00795979214583866,0.00752997601918465,0.0104895067646745,0.00971960167714885,0.0094122619461986,0.00858243918299784,0.00874421503494185,0.00937209858817899,0.0110207714616464,0.0075036075036075,0.00945289916715776,0.0106902193382319,0.00993093644418946,0.0133559227789997,0.01178873599361,0.0108413154803324,0.0185520113020354,0.0217256811284064,0.0263499912195364,0.0241032373994048,0.0272974010980808,0.0396252439468595,0.0457498882142271,0.0381925108021327,0.0610715681938527,0.067341784735621,0.0747071439892841
"82",0,0,0.00459770114942529,0.00512820512820513,0.00163265306122449,0.0116760828625235,0.00655624568668047,0.0107594936708861,0.00767790262172285,0.00529292929292929,0.00575479566305254,0.0111577964519141,0.00791890280262373,0.00941247002398081,0.00686950037285608,0.00752302336028751,0.0105850032320621,0.0107521454681604,0.00997945400618751,0.00832663316582915,0.00928177882723337,0.00941309705008335,0.0101210455472844,0.0125243701943493,0.0164835697615968,0.0120066522676413,0.01305074733632,0.0166055985084849,0.0199619326188713,0.0187220270738735,0.0129980861922178,0.0190814420790044,0.0285104669672127,0.0229157871587483,0.0352478760800496,0.0454626166977602,0.0670867475811249,0.0663227740320631,0.0757315036207076
"83",0.0222222222222222,0,0.00459770114942529,0.00961538461538462,0.0036734693877551,0.00564971751412429,0.00807453416149068,0.00643459915611814,0.00645027049521432,0.00848677248677249,0.0058659994439811,0.0071078431372549,0.0063903796461936,0.00656389174374786,0.00706189410887397,0.00797562893081761,0.00849899723202891,0.00734843782329816,0.0094969566774078,0.00854572465502114,0.00901179716969191,0.0127914725143866,0.00978639085531054,0.00984154027825576,0.0141214704082174,0.0133025134911213,0.0139827363647335,0.0210999076575448,0.0152022843692681,0.0223553856016881,0.0155603896486323,0.0263415610642077,0.0316451803892604,0.0267100366128747,0.0496789300812063,0.0385354453239005,0.0609649572480747,0.0635744552300174,0.0756972987800028
"84",0,0.00526315789473684,0.00919540229885057,0.00961538461538462,0.00530612244897959,0.00875706214689266,0.00697032436162871,0.00537974683544304,0.00630461922596754,0.00542087542087542,0.00790102863497359,0.00518207282913165,0.00533691115086464,0.00823227132579651,0.00556301267710664,0.0065041928721174,0.00793523721125531,0.0074746534243741,0.00720133667502089,0.00948263141102337,0.00906434556810497,0.0106712785853508,0.0085899626605911,0.0116583767812847,0.0186209937110034,0.0129361885680567,0.0147181493565015,0.0161947659386739,0.0138369320224988,0.0137863232343173,0.0246283770751378,0.0169799339822756,0.0216736354315227,0.0385892823614508,0.0491265781534698,0.0511101741188909,0.0562231730635018,0.067231395501778,0.0757451494923485
"85",0,0,0,0.00512820512820513,0.00775510204081633,0.00668549905838041,0.00703933747412008,0.00767405063291139,0.00520183104452767,0.00730639730639731,0.00642757853767028,0.00872782446311858,0.00629099582587955,0.00692189105858171,0.0107249452014553,0.00856525157232704,0.00756468267780485,0.00791303341117121,0.00950109159382342,0.0126888135594166,0.0114399623439268,0.011672902301794,0.0101202811702147,0.0103589285153093,0.011112454435346,0.013666509734024,0.0121509739973185,0.016322109251261,0.0130137378732517,0.0270609216822736,0.0298739591082258,0.0244500045362831,0.0292785538729555,0.0350164026447163,0.0405879773723885,0.0611011006747008,0.0610584738587649,0.0692079128282685,0.0728223880929037
"86",0.0222222222222222,0.0105263157894737,0.00804597701149425,0.00512820512820513,0.00693877551020408,0.0076271186440678,0.00628019323671498,0.00817510548523207,0.00634623387432376,0.00898653198653199,0.00763135946622185,0.00631419234360411,0.00600278274696879,0.00938530808006656,0.00855779269202088,0.00701650943396226,0.00703923778584412,0.00789675150010346,0.00850512524697988,0.00804355108877722,0.00886032033332102,0.0102253174964881,0.0113733609385783,0.00937566414292356,0.0174502135788458,0.0116532751148136,0.0119973041782212,0.0143384133616237,0.0135250318911366,0.0161890546398944,0.0273000959611586,0.0215524609400426,0.0294559999984999,0.0349139063377279,0.0327232680881828,0.0440434996412619,0.0616124175334884,0.0586627960152902,0.0755852911280032
"87",0,0.0105263157894737,0.00919540229885057,0.00512820512820513,0.00244897959183673,0.00786252354048964,0.00662525879917184,0.00564345991561181,0.00769870994590096,0.00766714766714767,0.00558798999165972,0.00620915032679739,0.00915324985092427,0.00930149757744825,0.00974791378147083,0.00638364779874214,0.00897875126381914,0.00776831899736928,0.00808869616722582,0.00810899736779134,0.0115619315243375,0.0111912912971443,0.0109880628411101,0.0107126467403664,0.012220903434992,0.0152148742219082,0.015308765117248,0.0142838495765653,0.0188632269401354,0.0181499542890512,0.0230887756936489,0.0319003703715908,0.0239697468966997,0.0379938151074373,0.0401168801045181,0.0549022327723106,0.0579325199426211,0.0674245911737355,0.0748046235207061
"88",0,0.00526315789473684,0.00919540229885057,0.00705128205128205,0.00517006802721088,0.00715630885122411,0.00676328502415459,0.00659282700421941,0.00582605076987099,0.00765993265993266,0.00733110925771476,0.0074859943977591,0.00704943635176193,0.00589242891401165,0.00805816554809843,0.0095881064690027,0.00637080867850099,0.00779639975170701,0.00935222053851962,0.00956652309164872,0.0102605178169088,0.0104393151933625,0.00842532570271321,0.00783554437581634,0.0118044652357905,0.0111301856906253,0.0162008489585502,0.0143598497748099,0.0179485533572263,0.014927431545292,0.0213865028219612,0.0336007359868516,0.0265723168882538,0.0413569173675694,0.0375930394762647,0.0600109143521133,0.0578958454338388,0.0718831828235352,0.075230124724628
"89",0,0.00526315789473684,0,0.00961538461538462,0.00693877551020408,0.00480225988700565,0.00393374741200828,0.00485232067510549,0.0103454015813566,0.00744107744107744,0.00520433694745621,0.00553221288515406,0.00807394156231366,0.00608084960602946,0.00740939597315436,0.00688417190775681,0.0076110917739877,0.00940151044899648,0.0118611182437415,0.0095981132212288,0.00972141741451379,0.00950303904849359,0.0123459734367272,0.0105512574458704,0.00942145725760184,0.0122982033971045,0.0181213643801228,0.0143952107305581,0.0160003598421554,0.028031340908276,0.0188226263376144,0.0162173043396831,0.0354746249847032,0.0318525858918945,0.042713956205912,0.0295491255368324,0.0535309560108729,0.0695007229635912,0.0751744853271647
"90",0.0222222222222222,0.00526315789473684,0.0103448275862069,0.0102564102564103,0.00244897959183673,0.00395480225988701,0.00821256038647343,0.00775316455696203,0.00536828963795256,0.00503367003367003,0.0083680845148735,0.00738562091503268,0.00661896243291592,0.00937478588557725,0.00845786726323639,0.00860502770290506,0.00950599174581075,0.00781982501256244,0.0080951738011053,0.0123599364236878,0.00879820402376793,0.00847997258956163,0.0130941849057698,0.0112907570791985,0.0117746787794981,0.011401756181976,0.0146007690924946,0.012510894194842,0.0135679370003059,0.0162802899990465,0.0208556503900525,0.024245196521918,0.0236848859762502,0.0383949970082907,0.0442807514008656,0.0606709167877175,0.065012863533732,0.071213776935501,0.0751315589038732
"91",0,0,0.00459770114942529,0.00576923076923077,0.00408163265306122,0.00621468926553672,0.00593512767425811,0.00817510548523207,0.00645027049521432,0.0062962962962963,0.00848425876782841,0.00543884220354809,0.00702047306698469,0.00559266872216512,0.0105920954511559,0.00733228511530398,0.0084882236918436,0.00651414383257959,0.00926661892827306,0.00819430485762144,0.0096260130846597,0.00982649390183637,0.00880238319577602,0.0105391318545084,0.00989128577803277,0.0153843367716994,0.0128238031376015,0.0199523547005703,0.0191565315142968,0.0227936121596593,0.0201430912644328,0.0320569620373546,0.0256927513913166,0.0257061605501363,0.0311772522588455,0.0500636436386661,0.0492960642000829,0.0677016365905968,0.0740395911147179
"92",0,0,0.00459770114942529,0.00384615384615385,0.00897959183673469,0.00734463276836158,0.00859213250517598,0.00564345991561181,0.0060341240116521,0.00441077441077441,0.00503197108701696,0.00669934640522876,0.00566487775790101,0.007069201781432,0.00872334079045489,0.00684823300389338,0.00726418378002088,0.00914944873045432,0.0105701643880424,0.00791253888490069,0.00952371911018528,0.0100347078086804,0.0112016308902582,0.0101305795552657,0.0102633147307846,0.0124801087026362,0.0124775537154355,0.0158284092217214,0.018250923478468,0.0148411833671459,0.0181663181598758,0.0211888810828244,0.0249308628926507,0.0338940622372314,0.0391068188555201,0.0470928906760908,0.0594530843429945,0.0700921776104209,0.0758396465069629
"93",0.0222222222222222,0.00526315789473684,0.00689655172413793,0.00961538461538462,0.00244897959183673,0.00423728813559322,0.00683229813664596,0.00537974683544304,0.00791510611735331,0.00562289562289562,0.00779816513761468,0.00517040149393091,0.00897435897435897,0.00743233984241178,0.00842803877703207,0.00656970649895178,0.0091472328576401,0.00823630693742426,0.0088277572237472,0.00862712552662301,0.00977433416941277,0.00993269287789836,0.0104186471292984,0.0115704300929196,0.0104863714598654,0.0109264392044306,0.0200132745369802,0.0184155660629751,0.0186823966869184,0.019980693906758,0.0184534424573999,0.0230039884198665,0.0243591338436351,0.0286034010629482,0.0319420549015617,0.0435816291885366,0.0632563684446031,0.0673920370575817,0.0752196627920502
"94",0,0.00526315789473684,0.00804597701149425,0.00576923076923077,0.00489795918367347,0.00451977401129944,0.00662525879917184,0.00427215189873418,0.00449438202247191,0.00745791245791246,0.0055045871559633,0.00934173669467787,0.00837606837606838,0.00637547105173004,0.00825503355704698,0.0101170822102426,0.0099224305106658,0.00831944074960835,0.00978290885141344,0.00818592964824121,0.00742706332931897,0.00883835089314541,0.0111181077850909,0.0208853812782235,0.0122852425575317,0.010107628321914,0.00999726817157631,0.0136710090583091,0.0228347718967067,0.0162413763063041,0.0167255010629361,0.0153166211430767,0.0235185168083264,0.0225351002788662,0.0477261554443765,0.0516338506022486,0.0585418532919858,0.0694735537009574,0.0758634870562363
"95",0,0.00526315789473684,0.00459770114942529,0.00961538461538462,0.00285714285714286,0.00508474576271186,0.00476190476190476,0.0060126582278481,0.00844777361631294,0.00430976430976431,0.00619961078676675,0.00627917833800187,0.00714967203339296,0.0074220623501199,0.0103480700259224,0.0085201407607068,0.007887888883364,0.00711876681150424,0.00890427126016098,0.0101320708883523,0.00973031424159244,0.00987102238658901,0.0105825882026755,0.0114147932688728,0.0117554364867618,0.0122366429234561,0.0110236081632199,0.0116458807504139,0.0166466665202361,0.0196226439750429,0.016270851415465,0.0248618351254247,0.0218643203063566,0.0301352269046229,0.0396950393954012,0.0481158353680363,0.0605893590023779,0.0650610612712833,0.0757534386012778
"96",0,0.0184210526315789,0.00229885057471264,0.00811965811965812,0.00761904761904762,0.0083804143126177,0.00572808833678399,0.00690928270042194,0.00586766541822722,0.00882154882154882,0.00995273839310537,0.00645891690009337,0.00693102762870205,0.00669236039739637,0.00876595291360392,0.010141852600579,0.00753567699269057,0.00866956341816677,0.0103501478564135,0.0102231993299832,0.00830300860376048,0.00957907516126694,0.0104300840184645,0.00913443309363811,0.0137536497094444,0.013365736686808,0.0120311621158379,0.0152484939112994,0.0135366304850949,0.0153620157426377,0.019680513175395,0.0321220738519952,0.0248462014852143,0.0426464466210701,0.0497272482889008,0.0418492036578556,0.0593396900279897,0.067697631901845,0.0757794586101066
"97",0.0444444444444444,0.0184210526315789,0.00804597701149425,0.00769230769230769,0.00680272108843537,0.00819209039548023,0.00731538992408558,0.00622362869198312,0.00665834373699542,0.00508417508417508,0.0065332221295524,0.00688608776844071,0.00527131782945736,0.00754539225762247,0.0081426440822414,0.00776046346211441,0.00830789120381881,0.00876723025233267,0.00824057498242962,0.00891050490547978,0.00912221028762382,0.0104991907451434,0.0103349245526956,0.0134765138491603,0.0117998180311433,0.0115645864134875,0.0144403033161932,0.01275603494584,0.0164095038974244,0.0171407586279006,0.016920878783276,0.0275108228622773,0.0269342873625644,0.0233882507873563,0.037066140731974,0.0499826703468631,0.0619530668280183,0.0584374383814372,0.0751316010633394
"98",0,0.0105263157894737,0.0103448275862069,0.00256410256410256,0.00326530612244898,0.00564971751412429,0.0085576259489303,0.0055379746835443,0.00711610486891386,0.00666666666666667,0.00708924103419516,0.00630252100840336,0.00497912939773405,0.00729530661185337,0.00615446894641525,0.00735324947589099,0.00843385875060083,0.00671529070970412,0.00846096723289706,0.00903266331658291,0.00826523379154958,0.00919864002055783,0.0119060906605999,0.00878616811671205,0.009632410160121,0.0131568265084749,0.0117212750380863,0.016811327480694,0.013853852840826,0.0135890923147549,0.0306353313370499,0.0302034591171364,0.0360882362524317,0.0376359812598072,0.0466706270145755,0.0449433633955128,0.0605247212776838,0.0670630170758182,0.0740141932592025
"99",0,0.00526315789473684,0.0122605363984674,0.00641025641025641,0.00612244897959184,0.00423728813559322,0.00883367839889579,0.00564345991561181,0.00532667498959634,0.00644444444444444,0.00522657770364192,0.00531045751633987,0.00709600477042337,0.0065176430284344,0.00733631618195377,0.00865509883198562,0.0078535793015431,0.00917523868641187,0.0133249831328361,0.00849682938502034,0.00919833855924082,0.0113035023184463,0.0121717769709985,0.0104884926014633,0.0173375250507021,0.0136549668692526,0.0111325453156126,0.0151739008950599,0.0181716227740517,0.0243330104931124,0.018829106497302,0.0196034856968607,0.0392343595000358,0.0368699349043695,0.0451192614461983,0.0484630441495755,0.0591080952243151,0.0709895033651684,0.0757889535028033
"100",0,0.00526315789473684,0.00919540229885057,0.00576923076923077,0.00653061224489796,0.00112994350282486,0.00703933747412008,0.00727848101265823,0.00628381190178943,0.00858585858585859,0.00529608006672227,0.00637254901960784,0.00862566374194281,0.0081980130181569,0.0103573446190896,0.00928527752820206,0.0084738037226725,0.00954087966657799,0.0100195594807124,0.00816247906197655,0.0104782338240985,0.0130218958892682,0.0111498546176731,0.0113338639606945,0.0139006914549083,0.00969621112478255,0.0139615701120203,0.0158878652223643,0.0135230540853899,0.0152806923387764,0.0190922368255178,0.0213138539523105,0.0271200063697707,0.0337584467966748,0.0518486162376125,0.0364990669589253,0.0511436454859015,0.0722332474836305,0.0737010241981304
